user_id,age,education_level,employment_status,monthly_income,city_tier,applicant_id,months_at_job,housing,rent_on_time_months,digital_payment_rate,education,monthly_spend,essential_pct,cashflow_volatility,savings_days,on_time_rate,dti,credit_util,delinq_90plus,delinq_60plus,delinq_30plus,positive_habits,risk_flags,match_cost
USR_001,23,Master's,Employed,1540,1,8a0d6320-e982-445b-afa8-bb9e0054aca9,35,none,0,0.62,master,477,0.47000000000000003,0.2,180,0.61,0.52,0.23,0,0,0,0,0,0.5
USR_002,22,High School,Employed,8232,2,111ff86d-d582-4503-baac-78ebb7932c94,30,owner,0,0.71,none,1811,0.32,0.18,30,0.61,0.41000000000000003,0.71,0,0,0,3,0,0.0
USR_003,26,Bachelor's,Self-Employed,4179,1,7c627e33-83a1-47ed-9f82-5cc5098adc8b,11,rent,18,0.6900000000000001,bachelor,3301,0.44,0.25,15,0.68,0.32,0.13,0,0,0,1,1,0.0351
USR_004,25,PhD,Employed,11068,1,5a62e11b-2852-4cce-a706-45dc8621733c,27,rent,17,0.48,phd,8743,0.30000000000000004,0.15,30,0.5700000000000001,0.7000000000000001,0.48,0,0,0,2,3,0.005
USR_005,22,Master's,Self-Employed,4322,3,89f14918-71e6-43df-985d-06a6a87fde02,15,none,0,0.75,master,2766,0.8,0.25,15,0.76,0.17,0.47000000000000003,0,0,0,1,0,0.0
USR_006,21,Master's,Employed,1567,3,33d6b56a-f5ed-4c1d-b44e-51245c8c07a4,24,none,0,0.91,master,658,0.32,0.26,15,0.7000000000000001,0.67,0.08,0,0,1,1,2,0.2
USR_007,21,Master's,Employed,5912,3,f4bf2d55-a2a2-4722-9ba4-07eb9937e2b0,32,none,0,0.5700000000000001,master,1418,0.56,0.13,180,0.56,0.49,0.73,0,0,0,1,2,0.0
USR_008,23,Diploma,Student,3411,3,a2b042c5-1053-45e1-b1c8-7afe904f2d7b,40,rent,22,0.51,cert,1023,0.8200000000000001,0.11,180,0.6000000000000001,0.21,0.43,0,0,0,3,1,0.201
USR_009,25,Bachelor's,Employed,5750,2,1aaab24a-21a1-4451-a9a8-a1eef5fa5a66,46,owner,0,0.76,bachelor,4772,0.52,0.23,360,0.87,0.45,0.15,0,0,0,3,2,0.001
USR_010,24,High School,Student,3646,1,7c46b087-29af-4065-939d-9847c6bf53ab,48,owner,0,0.44,highschool,3099,0.54,0.22,15,0.56,0.49,0.64,0,0,1,0,1,0.201
USR_011,22,High School,Employed,7796,2,d2fbf766-8ca8-4afb-8697-7d7859c962b1,14,rent,2,0.73,none,6626,0.52,0.2,60,0.87,0.47000000000000003,0.76,0,0,0,1,2,0.001
USR_012,21,High School,Employed,8370,1,1618cce9-a224-4823-bcdc-76a3b1895274,11,owner,0,0.6900000000000001,none,3013,0.44,0.28,90,0.67,0.1,0.30000000000000004,0,0,0,0,3,0.004
USR_013,26,Diploma,Student,3619,3,2c0038c9-c845-45b3-9b03-950e024e470d,32,owner,0,0.64,cert,3184,0.58,0.17,45,0.75,0.07,0.13,0,0,0,3,0,0.201
USR_014,26,Bachelor's,Employed,11077,3,498d23af-1d30-49e7-818b-7c68a7565193,15,none,0,0.6900000000000001,bachelor,5538,0.62,0.12,30,0.78,0.11,0.04,0,0,0,3,0,0.002
USR_015,22,Master's,Employed,1582,1,f0bb65ec-a06b-4016-987d-468bd24b862e,35,none,0,0.4,master,949,0.52,0.17,15,0.6900000000000001,0.5700000000000001,0.72,0,0,0,1,1,0.5
USR_016,21,High School,Student,5108,1,c835987f-0cde-412b-8a3c-45bc46051561,1,none,0,0.6900000000000001,highschool,1072,0.6900000000000001,0.04,15,0.96,0.65,0.06,0,0,0,1,3,0.049100000000000005
USR_017,26,High School,Student,3084,1,a3a71f63-9a86-4813-9dba-5b5ff8bf8a9a,53,rent,18,0.34,none,801,0.49,0.17,360,0.65,0.09,0.31,0,0,0,3,1,0.201
USR_018,24,PhD,Employed,4648,2,3812aec0-a831-4a06-88fd-4ec007824ad5,17,rent,2,0.68,phd,3857,0.44,0.13,0,0.6000000000000001,0.59,0.2,0,0,0,0,1,0.0
USR_019,25,High School,Self-Employed,4075,3,6e93095e-974a-4f69-bbc3-e783a7eaa6bb,13,rent,13,0.92,highschool,3463,0.51,0.17,30,0.89,0.26,0.42,0,0,0,2,3,0.013000000000000001
USR_020,26,PhD,Self-Employed,10267,2,81278bc3-cb3c-40ba-970e-868d399583f2,58,owner,0,0.76,phd,7392,0.77,0.03,30,0.74,0.64,0.75,0,0,0,1,2,0.0
USR_021,24,High School,Employed,8444,1,a19a1af0-d42e-4741-b031-b3e6fabf37f3,51,rent,9,0.41000000000000003,none,5995,0.53,0.25,360,0.59,0.2,0.38,0,0,1,0,0,0.003
USR_022,20,Bachelor's,Employed,7736,3,b06353ae-4f95-47d2-bca0-5ebfd2e333c7,58,owner,0,0.6900000000000001,bachelor,4100,0.66,0.11,90,0.78,0.4,0.08,0,0,0,1,2,0.001
USR_023,25,Diploma,Self-Employed,8352,1,ce64cefd-daa0-4733-a8d8-ff03d13e7bd4,8,owner,0,0.9,cert,2672,0.49,0.27,360,0.62,0.61,0.76,0,0,0,1,0,0.003
USR_024,20,Diploma,Employed,7228,2,c9d19994-45a9-419c-953d-75543a5b6116,14,owner,0,0.87,cert,2963,0.74,0.08,0,0.85,0.33,0.22,0,0,0,3,2,0.001
USR_025,20,Diploma,Employed,6694,1,cce1acfb-9917-4b22-bdc9-ed720c263e9d,28,rent,13,0.59,cert,2610,0.31,0.14,60,0.84,0.30000000000000004,0.07,0,0,0,2,1,0.0
USR_026,23,High School,Self-Employed,4011,2,4cf6804f-8fc8-4edb-82c6-592d6d8899eb,7,rent,18,0.5,highschool,1123,0.47000000000000003,0.12,60,0.77,0.6000000000000001,0.11,0,0,0,2,1,0.015
USR_027,23,High School,Employed,9210,1,d302f085-de52-497b-ad4e-3914db11faf1,3,owner,0,0.5,highschool,3684,0.30000000000000004,0.05,30,0.9500000000000001,0.56,0.61,0,0,0,1,2,0.0
USR_028,20,PhD,Employed,5554,2,a52c7ac9-620f-477d-b642-45cb522f7b6a,48,none,0,0.86,phd,3776,0.63,0.24,240,0.75,0.54,0.06,0,0,0,1,1,0.002
USR_029,24,Diploma,Student,2329,3,6e7df317-67b8-4d47-8144-a2e24bf3bbbf,5,rent,3,0.33,cert,745,0.62,0.25,120,0.77,0.32,0.34,0,0,0,3,1,0.015
USR_030,25,Bachelor's,Self-Employed,6538,1,efa94892-8f3c-4c84-b4cd-6440446d5e3e,31,owner,0,0.38,bachelor,2419,0.43,0.18,15,0.59,0.39,0.06,0,0,0,3,1,0.002
USR_031,22,High School,Employed,9951,3,f43154e5-cd7b-4a6f-b9fd-26bce2512025,12,owner,0,0.85,highschool,6866,0.64,0.21,90,0.66,0.05,0.13,0,0,0,3,3,0.003
USR_032,24,Diploma,Employed,6033,2,e3d551b9-9e0e-44c8-9529-f9291fe5db62,16,owner,0,0.36,cert,1387,0.48,0.06,60,0.62,0.36,0.56,0,0,0,1,0,0.001
USR_033,20,PhD,Employed,1616,3,5080e5c3-fb5e-4acf-a114-b6794815ba2c,17,rent,22,0.79,phd,549,0.75,0.13,60,0.81,0.4,0.44,0,0,0,1,0,0.5
USR_034,22,Bachelor's,Employed,5381,1,6cf0ff36-af41-4b51-a867-32943ec2c433,36,none,0,0.84,bachelor,2206,0.38,0.2,45,0.74,0.24,0.45,0,0,0,3,3,0.001
USR_035,22,Bachelor's,Employed,1632,2,a241332a-da69-45d0-b98c-257913f80364,19,none,0,0.54,bachelor,913,0.66,0.06,45,0.78,0.63,0.6900000000000001,0,0,0,1,0,0.2
USR_036,25,PhD,Employed,8687,2,490b769b-2030-431d-9b81-8d21e84463c2,10,none,0,0.56,phd,3214,0.62,0.06,360,0.72,0.16,0.7000000000000001,0,0,0,2,3,0.301
USR_037,20,High School,Employed,6419,2,bcc2434d-8665-4ffe-94c1-6f54e21ab285,23,rent,4,0.47000000000000003,none,5071,0.53,0.26,15,0.84,0.64,0.21,0,0,0,1,3,0.0361
USR_038,25,PhD,Employed,9671,3,798e357c-72cb-4f4d-bf81-dc218614e548,17,rent,19,0.54,phd,4835,0.53,0.23,90,0.93,0.25,0.14,0,0,0,0,2,0.001
USR_039,25,High School,Student,4014,2,9ab33488-43aa-41f5-857c-ad48a68ff674,11,none,0,0.79,none,1244,0.36,0.30000000000000004,360,0.61,0.23,0.15,0,1,0,2,1,0.2
USR_040,22,High School,Employed,11629,3,4e611a03-f83f-43df-9137-83ddae169a6d,42,rent,16,0.67,none,3139,0.66,0.09,90,0.85,0.5,0.12,0,0,0,0,1,0.002
USR_041,23,PhD,Employed,5416,1,c4640d43-74f1-489e-931a-fc3bf20a8d13,44,owner,0,0.63,phd,2924,0.72,0.25,120,0.64,0.18,0.79,0,0,0,1,2,0.009000000000000001
USR_042,23,High School,Employed,6728,3,a49192bc-2087-4dc5-a306-69f2690e98d5,12,owner,0,0.5,highschool,4978,0.67,0.1,30,0.67,0.06,0.5,0,0,0,2,2,0.0
USR_043,24,Master's,Employed,9643,3,26c2eee6-e126-49c8-b162-011640e1be45,45,owner,0,0.49,master,7810,0.5,0.25,60,0.65,0.26,0.09,0,0,0,3,0,0.0
USR_044,21,Master's,Employed,1645,1,e8e98ec0-28df-417c-af4e-f5739e59e9bd,17,none,0,0.59,master,871,0.37,0.07,0,0.65,0.48,0.75,0,0,0,3,2,0.201
USR_045,25,Diploma,Employed,8431,3,14b1484d-7041-47b5-8a5b-c75b54b0eae1,26,none,0,0.4,cert,2782,0.65,0.21,30,0.8,0.39,0.11,0,0,1,0,3,0.002
USR_046,21,Diploma,Employed,8497,2,7494866c-d5c9-4b7d-ba1f-16ab07b7700e,4,none,0,0.86,cert,2973,0.74,0.2,60,0.78,0.26,0.53,0,0,0,3,1,0.001
USR_047,22,High School,Employed,5407,2,62f2e28c-02c8-4ff6-86e6-577c2c4a6e16,12,owner,0,0.8,highschool,2919,0.33,0.17,60,0.77,0.73,0.65,0,1,0,0,2,0.0
USR_048,22,High School,Employed,8745,3,41f1538d-abb7-45a4-bf5c-6cfeb21046e5,48,owner,0,0.63,none,7345,0.4,0.18,180,0.99,0.38,0.33,0,0,0,3,3,0.001
USR_049,26,PhD,Employed,10124,2,ceb18a46-3586-462c-810b-7f6583803dfe,35,rent,20,0.85,phd,2733,0.67,0.16,0,0.71,0.18,0.17,0,0,0,1,1,0.0
USR_050,21,Bachelor's,Employed,10934,1,4f2cc6f5-3894-49d2-9599-6e91a7c079b8,25,owner,0,0.74,bachelor,2842,0.39,0.16,30,0.93,0.53,0.63,0,0,0,2,1,0.011
USR_051,24,Master's,Employed,10715,2,a10fc0af-ac36-4adb-aec6-1d8c64dd1922,50,none,0,0.73,master,2464,0.36,0.2,45,0.96,0.16,0.23,0,0,0,0,1,0.001
USR_052,25,High School,Student,4001,3,7f1adccb-5564-4b96-a916-740d572966c5,5,none,0,0.68,highschool,1560,0.47000000000000003,0.16,45,0.99,0.16,0.26,0,0,0,0,2,0.004
USR_053,20,High School,Employed,8123,1,1bd860e6-9758-4081-a215-a051ddbb8c19,23,owner,0,0.54,highschool,2355,0.76,0.22,60,0.89,0.59,0.47000000000000003,0,0,0,2,3,0.003
USR_054,22,High School,Employed,9537,1,a8c9e833-3c31-4868-879c-ded1e555025f,45,rent,15,0.8300000000000001,highschool,6294,0.68,0.18,180,0.8,0.16,0.04,0,0,0,2,2,0.001
USR_055,24,PhD,Employed,1730,3,943c2769-3a10-47a8-b041-da3326b52685,46,rent,20,0.48,phd,1245,0.73,0.18,45,0.63,0.65,0.72,0,0,0,0,1,0.503
USR_056,21,Master's,Employed,1658,2,9cf2f9a1-23ce-4035-b3b1-97d6b0229f36,47,owner,0,0.37,master,1326,0.66,0.07,90,0.9500000000000001,0.72,0.21,0,0,0,0,3,0.5
USR_057,20,PhD,Self-Employed,5861,1,fb69b9d3-01e5-412b-91eb-f61c8f52dda3,7,owner,0,0.8,phd,2344,0.5700000000000001,0.06,45,0.8200000000000001,0.75,0.23,0,0,0,1,0,0.302
USR_058,25,Master's,Student,3003,2,bf2241d9-ba54-4a2a-9d64-7fdfa341d110,4,owner,0,0.8200000000000001,master,2162,0.42,0.14,90,0.62,0.27,0.26,0,0,0,1,1,0.002
USR_059,22,Diploma,Student,3485,2,0abc206f-91aa-469a-a76c-2fbb1445e491,0,rent,22,0.87,cert,2091,0.81,0.12,60,0.73,0.49,0.77,0,0,0,0,3,0.001
USR_060,26,High School,Self-Employed,5462,2,3c78f6a7-38ed-4155-8d67-b561a4d87597,54,none,0,0.85,highschool,3004,0.34,0.25,0,0.79,0.55,0.77,0,0,0,1,3,0.0
USR_061,21,Master's,Employed,1695,3,0b26f708-c213-4dc2-a6d9-7f76be150d86,35,owner,0,0.77,master,830,0.59,0.21,90,0.65,0.25,0.15,0,0,0,1,0,0.5
USR_062,24,Bachelor's,Self-Employed,10660,3,e75081ed-8eab-458c-81e4-46659e9ca569,35,none,0,0.64,bachelor,6289,0.44,0.11,90,0.9,0.33,0.11,0,0,0,1,0,0.014
USR_063,22,PhD,Student,3350,3,560dfa5d-74d6-4337-956e-4aa9fc5965ce,23,owner,0,0.9,phd,1239,0.54,0.02,60,0.81,0.33,0.19,0,0,0,1,2,0.201
USR_064,21,Master's,Employed,5065,2,12e56dfa-6e89-4891-8949-ddcaef51b06b,31,none,0,0.76,master,3900,0.79,0.27,0,0.89,0.51,0.36,0,0,0,1,2,0.002
USR_065,23,High School,Employed,4467,2,92f948f4-f6e0-47e3-83b1-9e4d61f9e3d8,32,rent,5,0.89,highschool,1831,0.56,0.23,240,0.89,0.18,0.54,0,0,0,2,3,0.002
USR_066,22,High School,Employed,7866,3,afac8dea-e253-4eaf-96af-127d90215bed,6,none,0,0.53,none,5270,0.8300000000000001,0.21,90,0.63,0.58,0.55,0,0,0,3,3,0.001
USR_067,20,High School,Employed,7346,1,1427dbf7-dfe9-48d3-ade8-c4340d02a3c5,45,none,0,0.79,highschool,2644,0.62,0.07,60,0.88,0.26,0.14,1,0,0,0,1,0.003
USR_068,26,PhD,Employed,10240,1,076f5398-f3ef-448e-a264-6c1d6bb21f36,25,none,0,0.32,phd,3584,0.71,0.24,240,0.68,0.49,0.24,0,0,0,2,0,0.301
USR_069,24,High School,Student,2696,3,8d458def-2906-4646-94d9-7032dc57432a,25,rent,0,0.8200000000000001,highschool,620,0.49,0.04,0,0.97,0.1,0.75,0,0,0,3,2,0.2
USR_070,24,High School,Student,4188,1,0073cbc8-55a1-45a3-8295-a2f464c397aa,4,none,0,0.6900000000000001,highschool,2135,0.7000000000000001,0.2,30,0.96,0.48,0.35000000000000003,0,0,0,0,3,0.0
USR_071,21,Master's,Student,4022,3,65b6eb54-be62-4862-93f3-77cbd5a3d96d,53,owner,0,0.62,master,2212,0.6900000000000001,0.16,60,0.74,0.39,0.38,0,0,0,1,0,0.203
USR_072,26,Master's,Self-Employed,7258,2,8a49d3ed-dedb-4640-8adc-f79dc9876537,31,owner,0,0.35000000000000003,master,3919,0.77,0.1,90,0.8200000000000001,0.14,0.08,0,0,0,0,2,0.003
USR_073,21,High School,Employed,4427,3,86477132-595f-4a6f-a1c2-1c162f26f666,46,none,0,0.48,highschool,2479,0.36,0.2,240,0.8200000000000001,0.16,0.61,0,0,0,0,2,0.015
USR_074,25,Master's,Self-Employed,7620,1,7710a5d7-cab2-497c-a2de-f256d89330e0,54,none,0,0.9,master,5257,0.66,0.18,90,0.6900000000000001,0.15,0.13,0,0,0,2,1,0.001
USR_075,24,Diploma,Student,3874,2,aa656ff8-c01b-425a-a306-7c445e7dcb3d,30,none,0,0.64,cert,1355,0.64,0.07,90,0.61,0.55,0.51,0,0,0,0,2,0.2
USR_076,22,Diploma,Employed,10872,3,79c172c5-b191-4a57-8ab9-b6bc65b90c90,56,rent,8,0.5700000000000001,cert,6849,0.32,0.1,30,0.8300000000000001,0.53,0.32,0,0,0,0,3,0.005
USR_077,23,High School,Employed,9781,2,89bd9c88-3ed5-4256-8c2c-b3e3537703b8,8,owner,0,0.87,highschool,6455,0.53,0.16,180,0.77,0.11,0.02,0,0,0,2,1,0.007
USR_078,21,Master's,Employed,1760,1,71256ac0-0f9b-4b8f-939f-c70665731857,22,rent,7,0.75,master,950,0.47000000000000003,0.22,360,0.89,0.07,0.36,0,0,0,2,3,0.201
USR_079,26,High School,Employed,4627,1,2e8d1d99-4f07-4084-8ff0-052873a3d118,53,none,0,0.9,highschool,1203,0.72,0.06,120,0.56,0.17,0.12,0,0,0,3,1,0.049100000000000005
USR_080,20,High School,Student,3914,2,a41f1175-9c89-4db3-aa91-193a5932c020,5,owner,0,0.49,highschool,3052,0.35000000000000003,0.27,180,0.9500000000000001,0.7000000000000001,0.33,0,0,0,0,2,0.002
USR_081,23,Diploma,Self-Employed,5068,3,a3f0695c-f106-4791-812e-00d0120f52b9,54,owner,0,0.86,cert,4459,0.75,0.16,90,0.92,0.29,0.46,0,0,0,0,0,0.017
USR_082,20,Master's,Employed,10279,1,bf930c02-8283-4abf-8b62-4e70fcb30896,27,owner,0,0.65,master,3597,0.45,0.1,360,0.73,0.21,0.59,0,0,0,2,2,0.001
USR_083,25,Master's,Employed,10626,3,5a0c6e70-a4e9-433e-8d0e-893961ec3efa,31,rent,10,0.85,master,4144,0.38,0.21,240,0.8200000000000001,0.12,0.04,0,0,0,0,0,0.302
USR_084,21,Master's,Self-Employed,9555,1,eb2f30d4-28b2-4fbc-adb8-f4d5333620c6,32,rent,15,0.91,master,4013,0.48,0.1,240,0.65,0.5,0.32,0,0,0,3,0,0.30000000000000004
USR_085,25,High School,Employed,5619,1,6b499895-db12-4431-8c67-6a84d6a2bc93,24,rent,19,1.0,highschool,4944,0.77,0.02,15,0.86,0.43,0.21,0,0,0,3,0,0.001
USR_086,24,PhD,Employed,6037,1,cfb8cbfd-4174-4d66-9eaf-868920f449e8,22,rent,10,0.85,phd,3924,0.44,0.19,360,0.68,0.71,0.02,0,0,0,1,3,0.001
USR_087,20,Diploma,Employed,4506,1,57abdb9f-787e-4f0f-8a18-4cfeeb6f1479,12,none,0,0.61,cert,1757,0.44,0.28,180,0.91,0.65,0.08,0,0,0,1,1,0.002
USR_088,25,High School,Self-Employed,11709,1,9d55ad87-922f-413c-8559-f02bf8dc9b8f,56,none,0,0.48,highschool,2693,0.85,0.21,0,0.5700000000000001,0.13,0.36,0,0,0,1,0,0.0
USR_089,22,Diploma,Employed,1791,1,af0658e7-55e0-4dc9-a89c-10cfd05262fa,54,rent,14,0.52,cert,483,0.53,0.18,0,0.92,0.6000000000000001,0.77,0,0,0,3,2,0.203
USR_090,26,Bachelor's,Self-Employed,5716,2,f85a9e9a-39fc-4018-aca9-537045c86766,44,none,0,0.84,bachelor,1771,0.34,0.24,120,0.72,0.75,0.21,0,0,0,3,1,0.0
USR_091,23,Bachelor's,Student,2283,1,e71f1848-83d2-4240-bc62-902f6a0d33c9,2,none,0,0.43,bachelor,1849,0.48,0.05,90,0.75,0.33,0.35000000000000003,0,0,0,3,2,0.016
USR_092,26,Diploma,Employed,1872,1,15d97a06-e5ea-4611-bd24-226f09aee24f,44,owner,0,0.51,cert,804,0.71,0.08,240,0.79,0.23,0.39,0,0,0,0,3,0.20700000000000002
USR_093,20,High School,Employed,4533,1,fc33f9b0-8418-46aa-a898-cd0a0719506b,20,owner,0,0.8200000000000001,none,1495,0.71,0.1,360,0.99,0.42,0.23,0,0,0,1,2,0.003
USR_094,22,High School,Employed,6696,2,fb171950-3d5b-41ac-801a-809bddb6d053,13,owner,0,0.9400000000000001,none,5490,0.72,0.13,0,0.67,0.11,0.62,0,0,0,2,3,0.008
USR_095,23,Bachelor's,Employed,1780,2,9ea71669-ef67-49aa-9a15-aa380af16505,33,none,0,0.49,bachelor,979,0.68,0.14,30,0.6000000000000001,0.12,0.12,0,0,0,2,3,0.2
USR_096,24,High School,Employed,4697,3,d1aab0d4-20aa-45b9-b697-bfb8a51f7df2,28,rent,2,0.53,highschool,2865,0.42,0.28,60,0.64,0.11,0.68,0,0,0,3,1,0.0
USR_097,21,Master's,Student,3291,1,d22976a2-b542-4ca5-9b80-39f7a7a147c4,5,rent,5,0.5,master,1053,0.36,0.06,30,0.9400000000000001,0.41000000000000003,0.5,0,0,0,1,3,0.30000000000000004
USR_098,22,Master's,Employed,10537,3,ed8fb86e-113c-485e-97ee-00a219ba10d8,49,none,0,0.45,master,4004,0.79,0.17,30,0.71,0.21,0.62,0,0,0,0,3,0.306
USR_099,24,Master's,Employed,1797,2,71710ae9-67fe-4f23-a416-293ab13132a1,19,owner,0,0.45,master,808,0.44,0.21,30,0.92,0.68,0.03,0,0,0,0,1,0.502
USR_100,22,Master's,Employed,8455,3,ba0b8292-79cb-4332-ab23-18040d3a2f78,59,none,0,0.49,master,2198,0.63,0.25,240,0.68,0.12,0.26,0,0,0,1,3,0.001
USR_101,26,Master's,Employed,6276,3,3ecf9a57-d56f-4975-b22a-a1ed9669a3a9,22,rent,14,0.8200000000000001,master,2071,0.31,0.24,240,0.84,0.34,0.27,0,0,0,3,3,0.005
USR_102,20,PhD,Self-Employed,7556,3,302b7b0f-2dbc-427e-b9f4-db2d19f9e138,18,rent,7,0.73,phd,4609,0.66,0.04,180,0.61,0.28,0.55,0,0,0,2,0,0.0
USR_103,26,Bachelor's,Employed,6594,3,a69c26af-18ae-4e2e-9164-382ecef3c810,58,rent,11,0.31,bachelor,2637,0.5700000000000001,0.21,15,0.99,0.21,0.24,0,0,0,3,0,0.002
USR_104,23,High School,Employed,6205,2,3aeb1a1c-af8c-4ea9-b13b-a231cb7d077a,46,none,0,0.72,none,3102,0.77,0.09,360,1.0,0.30000000000000004,0.1,0,0,0,3,1,0.0
USR_105,21,Bachelor's,Employed,9899,1,928d56eb-13de-4a08-8885-d73a5bf8043d,22,none,0,0.37,bachelor,3365,0.54,0.13,60,0.8,0.35000000000000003,0.61,0,0,0,3,0,0.0
USR_106,23,PhD,Employed,1793,3,0df1e7e9-41aa-4e45-86ca-f30184114aa2,57,rent,24,0.88,phd,1201,0.64,0.09,90,0.6900000000000001,0.12,0.4,0,0,1,3,2,0.2
USR_107,21,High School,Student,3909,1,7b46e1a5-ce73-4d15-adb4-fafd6bfe23a2,57,rent,24,0.99,highschool,2970,0.7000000000000001,0.28,90,0.86,0.56,0.72,0,0,0,3,1,0.20500000000000002
USR_108,26,Bachelor's,Employed,1925,2,c693b4af-4852-4b4d-9ca6-38ec191250a3,56,none,0,0.73,bachelor,1001,0.48,0.07,15,0.56,0.55,0.47000000000000003,0,0,0,2,2,0.20500000000000002
USR_109,22,PhD,Employed,1824,1,7d8c60dd-279d-4485-9797-0339fdcf3a0b,29,rent,6,0.61,phd,1331,0.67,0.22,45,0.59,0.48,0.24,0,0,0,2,0,0.2
USR_110,21,High School,Employed,5544,1,37e1633f-7b7e-47f0-8444-a2f8d85bee29,9,rent,2,0.88,highschool,3160,0.8,0.27,180,0.76,0.08,0.07,0,0,0,2,3,0.0
USR_111,23,High School,Employed,6489,3,824895cf-a6a1-435a-8e86-d033ab39bea7,19,none,0,0.86,none,5450,0.8200000000000001,0.22,90,1.0,0.46,0.49,0,0,0,0,2,0.003
USR_112,22,Bachelor's,Employed,8160,1,448a8f1f-eacf-4575-a7ca-474b7f9ea64e,6,owner,0,0.61,bachelor,2284,0.5,0.24,180,0.6900000000000001,0.24,0.1,0,0,0,0,1,0.012
USR_113,24,High School,Employed,11421,3,10fcaf88-dece-43c4-993d-b4ca9bd91a93,1,rent,3,0.55,none,3883,0.62,0.2,30,0.99,0.25,0.26,0,0,0,0,3,0.007
USR_114,20,Bachelor's,Student,2629,3,e17eae13-5da4-41d3-bbf5-35990c7ae146,22,none,0,0.6000000000000001,bachelor,1445,0.49,0.26,180,0.6000000000000001,0.72,0.51,0,0,0,2,3,0.203
USR_115,24,High School,Employed,10242,3,426a2fe9-539c-40e8-8fae-35d998dd3b6b,41,owner,0,0.9,none,4813,0.47000000000000003,0.22,180,0.9400000000000001,0.08,0.05,0,0,0,0,3,0.014
USR_116,24,PhD,Employed,1968,2,4e5e9d03-d7a9-498f-a6f9-591bc6c476b1,40,owner,0,0.39,phd,432,0.5,0.28,180,0.76,0.66,0.75,0,0,0,1,3,0.20700000000000002
USR_117,22,Master's,Employed,6382,2,f7e9737a-4dd9-4258-a87a-1e2e20c14b3b,39,rent,5,0.32,master,2999,0.48,0.14,90,0.67,0.71,0.72,0,0,0,1,3,0.0
USR_118,26,Diploma,Employed,9215,2,d1fbacfc-9652-4700-a0f1-1404a0fa726a,30,owner,0,0.52,cert,4976,0.66,0.05,240,0.72,0.31,0.31,0,0,0,2,1,0.003
USR_119,26,PhD,Employed,1929,3,a7488f6f-76b1-43d6-94c9-30715356a3fc,49,owner,0,0.37,phd,1408,0.64,0.09,360,0.8300000000000001,0.47000000000000003,0.18,0,0,0,1,3,0.203
USR_120,24,High School,Employed,5605,3,70b1a00f-34ed-4813-bcad-639dd2cefec1,48,owner,0,0.99,none,1681,0.33,0.24,45,0.89,0.07,0.65,0,0,0,1,3,0.003
USR_121,26,Bachelor's,Employed,4025,3,867b231c-ac60-45da-9f44-1304edfef85a,8,none,0,0.51,bachelor,2817,0.73,0.04,360,0.77,0.33,0.41000000000000003,0,0,0,2,0,0.0511
USR_122,26,High School,Self-Employed,10658,1,8b1ccb7c-8041-467a-b3b7-bf50942ac5fb,4,rent,21,0.67,highschool,5968,0.52,0.09,180,0.84,0.75,0.55,0,0,0,1,1,0.003
USR_123,20,Diploma,Employed,8912,2,b5567055-6d8f-4f9f-91cf-fc7afc0c5e32,33,rent,11,0.63,cert,3743,0.47000000000000003,0.25,15,0.56,0.29,0.09,0,0,0,1,1,0.0
USR_124,20,Bachelor's,Self-Employed,11728,1,b8a17a3e-685e-4d62-a0ef-6ef45ad33f67,36,owner,0,0.76,bachelor,2580,0.5700000000000001,0.06,15,0.93,0.24,0.11,0,0,0,1,1,0.001
USR_125,24,High School,Employed,8086,1,0828a28c-9ffa-46e7-9ae8-df1802b87199,51,owner,0,0.6000000000000001,none,3476,0.84,0.18,30,0.6900000000000001,0.73,0.17,0,0,1,1,3,0.003
USR_126,20,High School,Student,2397,2,0c193e4a-66f1-48d2-8b70-6f8313de307f,2,owner,0,0.58,highschool,503,0.47000000000000003,0.08,30,0.89,0.25,0.1,0,0,0,1,2,0.005
USR_127,24,PhD,Employed,5764,1,a4f67ddb-1aa9-448e-b2aa-79d73df8d164,57,none,0,0.33,phd,1844,0.5700000000000001,0.11,180,0.61,0.27,0.42,0,0,0,3,2,0.011
USR_128,23,High School,Employed,11147,3,51702b26-56f2-4f8b-8dcb-67f075489521,6,rent,1,0.9500000000000001,none,3232,0.79,0.15,360,0.98,0.14,0.4,0,0,0,3,1,0.003
USR_129,24,Master's,Employed,7785,1,d3f2f24e-91f6-48cb-a9eb-cb71eae70f51,60,owner,0,0.99,master,4048,0.77,0.14,0,0.56,0.44,0.6900000000000001,0,0,0,1,2,0.001
USR_130,22,Diploma,Student,2817,1,a15defc0-a4de-42a1-9498-246fa5d5146a,60,rent,16,0.68,cert,1746,0.79,0.23,360,0.66,0.11,0.77,0,0,0,2,0,0.2
USR_131,21,High School,Employed,1906,3,20cf5af3-7976-4181-853e-eaa5dabb37dc,41,owner,0,0.91,none,1143,0.74,0.22,240,0.84,0.5,0.07,0,0,0,1,3,0.2
USR_132,24,Diploma,Student,3472,2,9030cc06-6fbc-49da-a849-87c4cb2472a4,25,none,0,0.84,cert,2395,0.55,0.21,0,0.85,0.32,0.08,0,0,0,2,1,0.201
USR_133,21,PhD,Self-Employed,8397,3,5bb53257-dbc2-4f3f-a751-583e1061a95a,1,owner,0,0.49,phd,4786,0.71,0.15,90,0.78,0.13,0.4,0,0,0,2,3,0.002
USR_134,21,Diploma,Student,2997,2,c68c435c-f98d-4235-9895-3bde968e5b92,49,owner,0,0.47000000000000003,cert,2037,0.49,0.29,0,0.58,0.5,0.56,0,0,0,2,3,0.20500000000000002
USR_135,24,High School,Self-Employed,6432,3,025c29fd-268a-48c1-8327-1b095691f3e9,34,rent,10,0.88,none,2508,0.68,0.12,240,0.81,0.63,0.01,0,0,0,2,1,0.0341
USR_136,25,PhD,Self-Employed,4485,3,25c9b300-4330-420b-8319-70ce361ce352,7,none,0,0.76,phd,3543,0.32,0.14,60,0.6900000000000001,0.56,0.61,0,0,0,1,1,0.0
USR_137,25,Master's,Student,7242,1,0da35e91-23c0-4db6-a5f9-0c36539bd0a7,0,rent,6,0.47000000000000003,master,2751,0.36,0.02,120,0.75,0.34,0.13,0,0,0,3,0,0.45830000000000004
USR_138,20,Bachelor's,Employed,10197,3,6d7531d6-5bdc-4272-b03d-b6e2f46e99ce,12,owner,0,0.85,bachelor,5608,0.45,0.07,180,0.99,0.26,0.7000000000000001,0,0,0,3,2,0.0
USR_139,24,PhD,Self-Employed,9998,3,0da92ad5-0007-4e1d-a2fe-6596479c3422,28,rent,1,0.91,phd,5798,0.84,0.03,120,0.78,0.49,0.04,0,0,0,2,3,0.004
USR_140,21,Diploma,Employed,11004,3,dbff3560-4594-4799-b197-6bded113dd65,15,none,0,0.38,cert,8913,0.6900000000000001,0.23,45,0.6900000000000001,0.68,0.4,0,0,0,3,3,0.001
USR_141,21,Diploma,Student,3258,3,fcf715dc-b79b-4aa2-a809-1e7a24ce2239,23,none,0,0.71,cert,1075,0.5,0.13,45,0.78,0.34,0.61,0,0,0,3,2,0.2
USR_142,24,Master's,Employed,2120,3,93d842cb-de40-498c-9f99-6b4a3094c9cb,26,none,0,0.7000000000000001,master,1272,0.6900000000000001,0.05,180,0.98,0.11,0.58,0,0,0,2,3,0.215
USR_143,24,Bachelor's,Student,5347,1,3325a213-6b36-40ab-8534-ea0fd3b78b0f,6,none,0,0.34,bachelor,2833,0.49,0.19,360,0.87,0.62,0.0,0,0,0,2,1,0.0721
USR_144,20,Diploma,Student,3719,1,1a98fd5f-26a5-4a08-907f-3a73315e5f7d,37,owner,0,0.4,cert,1673,0.33,0.12,90,0.5700000000000001,0.25,0.51,0,0,0,0,1,0.201
USR_145,24,High School,Employed,8060,1,07f20059-4fa0-49d0-848f-d3351c81e4a9,5,rent,3,0.47000000000000003,highschool,4594,0.52,0.11,90,0.65,0.6000000000000001,0.06,0,0,0,2,2,0.0
USR_146,24,PhD,Employed,6460,2,96a484e5-3cb4-452a-8f8d-84c50d6c66e7,11,rent,19,0.78,phd,4134,0.35000000000000003,0.04,240,0.9,0.6000000000000001,0.16,0,0,0,2,0,0.0
USR_147,22,PhD,Employed,11192,2,fb74a64c-a46c-4e7d-83d4-16e159c9a678,26,none,0,0.64,phd,5931,0.55,0.02,120,0.88,0.22,0.26,0,0,0,1,0,0.004
USR_148,24,High School,Self-Employed,4211,1,e5b3be6e-aa37-49a3-8605-40ad0b4d3198,41,rent,8,0.36,none,1010,0.64,0.22,45,0.74,0.11,0.08,0,0,0,3,0,0.009000000000000001
USR_149,25,Master's,Self-Employed,8562,3,5279ec2a-6587-4ad1-a7c1-1846b8a36211,15,rent,13,0.43,master,3852,0.53,0.26,0,0.85,0.74,0.08,0,0,0,1,1,0.30000000000000004
USR_150,26,Master's,Employed,10675,3,cf8f6107-bea4-4c92-aabb-8e8bda052d8d,57,none,0,0.98,master,8219,0.5,0.26,0,0.66,0.54,0.32,0,0,0,1,1,0.0
USR_151,23,PhD,Self-Employed,7328,2,1074abc4-63ce-49d2-b7c9-1903848af90b,53,rent,4,0.36,phd,3517,0.33,0.1,30,0.56,0.33,0.36,0,0,0,1,0,0.0
USR_152,23,High School,Employed,1941,1,f93917e7-3919-4cb1-b7c4-28309cdf6b83,53,rent,4,0.99,highschool,1611,0.63,0.21,15,0.84,0.14,0.37,0,0,0,2,2,0.201
USR_153,26,Diploma,Employed,5633,2,78a892f8-9385-4659-83a8-8b35130bcecc,48,rent,8,0.8300000000000001,cert,4393,0.56,0.23,0,1.0,0.29,0.52,0,0,0,1,1,0.01
USR_154,23,High School,Employed,6623,1,c002fbac-8f01-498d-87de-956b838691ab,55,owner,0,0.87,highschool,2185,0.39,0.30000000000000004,180,0.77,0.27,0.02,0,0,0,1,2,0.001
USR_155,26,High School,Employed,8025,3,d2a7bde0-5f99-4c92-8517-15392d7c5227,1,owner,0,0.71,none,6821,0.46,0.18,360,0.93,0.32,0.72,0,0,0,0,2,0.0
USR_156,22,Diploma,Employed,5478,1,c0e3a4b2-0650-4ade-918c-e197e59f4adb,26,none,0,0.67,cert,2081,0.48,0.04,180,0.93,0.11,0.58,0,0,0,0,0,0.004
USR_157,25,High School,Employed,5477,1,4b7a9997-f36b-41ba-9284-6eb044d4fa25,26,rent,24,0.36,highschool,3286,0.39,0.13,30,0.67,0.24,0.12,0,0,0,0,2,0.0
USR_158,25,PhD,Self-Employed,5866,1,59d5aeef-0b84-4317-b0ad-16b51202a0d5,10,owner,0,0.47000000000000003,phd,3343,0.74,0.23,45,0.81,0.74,0.31,0,0,0,1,2,0.304
USR_159,24,Diploma,Employed,2007,3,28e6f012-6816-432a-8c94-f69dd723a7e6,21,none,0,0.99,cert,1003,0.66,0.19,120,0.62,0.12,0.16,0,0,0,2,2,0.203
USR_160,20,Bachelor's,Employed,5778,2,441108e5-aad5-4d0a-b5cd-384e97101516,4,rent,8,0.75,bachelor,3813,0.8200000000000001,0.2,45,0.62,0.59,0.72,0,0,0,2,1,0.019
USR_161,23,Bachelor's,Student,4225,2,0f505b51-b4e9-4f59-8aa9-bfbc4cf9b289,6,owner,0,0.76,bachelor,2746,0.32,0.30000000000000004,120,0.99,0.28,0.64,0,0,0,1,3,0.006
USR_162,23,PhD,Self-Employed,11620,3,4577c8c3-2d94-4dd7-88f8-5fbaa7c47351,39,owner,0,0.59,phd,8250,0.55,0.28,30,0.86,0.12,0.56,0,0,0,2,0,0.008
USR_163,26,Diploma,Self-Employed,7402,2,816396c2-8868-4308-8932-44523cef5fc7,30,owner,0,0.43,cert,5847,0.38,0.30000000000000004,30,0.61,0.1,0.01,0,0,0,1,0,0.009000000000000001
USR_164,23,Master's,Employed,9970,3,9af962c6-58fc-477e-8dff-316a4a1a7c33,10,rent,9,0.73,master,8275,0.55,0.2,15,0.88,0.13,0.62,0,0,0,3,2,0.0
USR_165,22,Master's,Employed,2021,2,c07e1166-6810-4140-9356-abcfd57a0d07,12,owner,0,0.64,master,1212,0.76,0.2,240,0.8300000000000001,0.46,0.04,0,0,0,3,0,0.503
USR_166,20,Bachelor's,Employed,4754,2,80273a1b-de06-436b-af08-d97aad73ba3d,43,none,0,0.88,bachelor,1236,0.5,0.13,120,0.98,0.67,0.18,0,0,0,1,0,0.011
USR_167,25,Diploma,Employed,11586,1,4486f108-c5f0-488f-b74c-b20e12eef44e,56,rent,20,0.37,cert,5677,0.8200000000000001,0.03,90,0.65,0.36,0.19,0,0,0,2,0,0.001
USR_168,26,High School,Employed,7103,3,790629ad-22ab-47f4-ad9c-e7f7f42fe61c,15,rent,2,0.58,none,1775,0.81,0.15,90,0.65,0.45,0.15,0,0,0,1,1,0.002
USR_169,26,High School,Employed,1962,2,d7ca6b08-f9be-4aa1-b492-2cad81b0054c,51,none,0,0.79,highschool,1353,0.49,0.18,30,0.8,0.18,0.79,0,0,0,3,0,0.201
USR_170,24,Bachelor's,Employed,2028,1,a23f2adb-d223-48dc-aa33-627b92271449,47,none,0,0.8300000000000001,bachelor,1034,0.49,0.25,180,0.9400000000000001,0.13,0.65,0,0,0,3,1,0.202
USR_171,25,High School,Employed,2068,3,42434a19-6dc3-44b5-be30-04e7b45035d7,30,rent,2,0.58,none,1137,0.8,0.24,360,0.62,0.71,0.36,0,0,0,1,1,0.20500000000000002
USR_172,24,Master's,Employed,6993,1,d8734934-6558-4385-aa4a-44d204f12a5f,14,owner,0,0.52,master,5244,0.38,0.1,180,0.86,0.15,0.56,0,0,0,1,3,0.30000000000000004
USR_173,21,Diploma,Employed,6798,3,ed15f1b1-82f5-4619-ba85-a522361d2464,15,owner,0,0.49,cert,4622,0.62,0.05,120,0.74,0.29,0.26,0,1,0,1,2,0.0
USR_174,20,High School,Employed,2050,2,a09ae682-2cb1-41c0-a6a0-80e1c570e80f,15,owner,0,0.35000000000000003,highschool,1045,0.67,0.26,45,0.88,0.33,0.19,0,0,1,1,2,0.202
USR_175,24,Diploma,Employed,5298,1,fa4c132b-3492-45d4-9293-cb2d49024ec5,21,none,0,0.6000000000000001,cert,4026,0.65,0.07,120,0.73,0.5700000000000001,0.71,0,0,0,1,2,0.001
USR_176,23,High School,Employed,5980,2,d3dc557e-bfa1-4afb-a5b3-962d7633bf11,30,rent,17,0.9500000000000001,none,2392,0.62,0.17,120,0.92,0.72,0.64,0,0,0,2,3,0.002
USR_177,26,High School,Student,3205,2,1f9b28b6-6f24-4422-86f6-8f19f008e860,38,rent,19,0.45,highschool,2756,0.38,0.23,45,0.71,0.27,0.51,0,0,0,2,3,0.201
USR_178,22,Bachelor's,Student,2904,2,d3872a92-4a09-4f04-8509-6bb683353500,56,none,0,0.81,bachelor,1016,0.63,0.15,180,0.63,0.63,0.48,0,0,0,2,1,0.202
USR_179,20,Diploma,Employed,10086,2,2d85daa3-a9a8-4ded-9e5d-1204ee3b3a27,2,owner,0,0.8,cert,5749,0.39,0.12,60,0.72,0.59,0.54,0,0,0,2,0,0.0
USR_180,21,Diploma,Employed,6939,2,b4b8e5e3-7988-4f95-ac0b-e5767c769242,23,owner,0,0.87,cert,4094,0.64,0.15,90,0.87,0.13,0.61,0,0,0,2,2,0.0
USR_181,23,High School,Employed,4447,1,e35101d6-4e70-4fe1-b859-7df88471b65c,7,none,0,0.44,highschool,3023,0.6000000000000001,0.29,180,0.97,0.2,0.64,0,0,0,3,3,0.0
USR_182,24,High School,Student,3578,2,f38c4d05-b4dc-4441-b058-35d0d8195b45,48,rent,1,0.99,none,2468,0.37,0.06,90,0.92,0.58,0.54,0,0,0,3,3,0.20500000000000002
USR_183,21,High School,Student,2949,3,54f1b15c-d341-4203-865a-7d4179b5988a,33,owner,0,0.67,highschool,1091,0.65,0.21,15,0.86,0.43,0.46,0,0,0,0,3,0.201
USR_184,21,High School,Employed,4814,2,d1f52eb1-92c2-4fe0-b2ec-0c6f31bb49d0,41,owner,0,0.71,none,3851,0.47000000000000003,0.22,240,0.96,0.35000000000000003,0.73,0,0,0,1,2,0.0
USR_185,22,PhD,Employed,2041,3,e135eb11-9a66-4f10-a412-44b29340870b,12,owner,0,0.89,phd,1061,0.8,0.22,60,0.72,0.37,0.32,0,0,0,3,3,0.2
USR_186,22,High School,Employed,9699,1,c2588484-8178-4437-8ad2-cf9f8ce1da9f,23,rent,14,0.84,highschool,3006,0.85,0.16,60,0.74,0.72,0.09,0,0,0,3,1,0.004
USR_187,22,High School,Employed,6461,3,2340e1e3-8bda-4893-a858-cab0317856ad,9,rent,2,0.63,none,4910,0.63,0.12,15,0.6900000000000001,0.37,0.05,0,0,0,0,3,0.0261
USR_188,26,Bachelor's,Self-Employed,7440,2,040f25de-fb7a-4676-81f9-04d123b3d682,59,owner,0,0.64,bachelor,2232,0.54,0.30000000000000004,240,0.89,0.29,0.5700000000000001,0,0,0,1,1,0.001
USR_189,25,PhD,Student,2930,1,2b31d77d-cdfd-4815-bf9b-d9eb029e58d5,28,rent,24,0.49,phd,966,0.55,0.18,120,0.6000000000000001,0.11,0.44,0,0,0,0,2,0.201
USR_190,25,PhD,Student,3890,2,c20afa16-6d9c-40fd-b755-06371e5b2e9d,20,rent,1,0.6900000000000001,phd,816,0.6000000000000001,0.18,120,0.68,0.19,0.18,0,0,0,2,2,0.501
USR_191,21,Master's,Self-Employed,4548,2,21999faf-e447-4c30-8c35-54a3d5ce806e,41,rent,7,0.97,master,2501,0.51,0.18,60,0.9,0.54,0.17,0,0,0,1,0,0.003
USR_192,25,High School,Student,3318,2,ac312242-2217-408d-a735-0e06947b80d5,53,none,0,0.4,none,1459,0.42,0.15,90,0.91,0.51,0.75,0,0,0,0,0,0.2
USR_193,23,High School,Employed,2064,2,5e5737dc-07b9-43af-ab18-d2150cec1bd4,9,rent,11,0.42,none,1692,0.59,0.14,0,0.93,0.62,0.51,0,0,0,2,3,0.201
USR_194,25,Diploma,Student,5977,3,cee321b8-754e-430a-af0f-e7631bad600c,0,owner,0,0.9500000000000001,cert,3705,0.76,0.13,90,0.93,0.2,0.67,0,0,0,0,2,0.11120000000000001
USR_195,24,Bachelor's,Self-Employed,5368,2,f94f78fb-0b08-499f-af99-3380d1ec7db0,36,none,0,0.30000000000000004,bachelor,4079,0.84,0.18,240,0.93,0.21,0.24,0,0,0,1,3,0.011
USR_196,23,High School,Employed,5194,2,a9b9ee05-e70a-4dea-b3d1-31e9f03d6dd2,10,owner,0,0.53,none,2285,0.8200000000000001,0.27,15,0.66,0.49,0.44,0,0,0,1,1,0.0
USR_197,24,High School,Employed,6595,3,ebb5c9db-62fe-400c-9793-1a835b188059,10,rent,21,0.65,none,4484,0.65,0.28,90,0.8300000000000001,0.2,0.11,0,0,0,3,3,0.018000000000000002
USR_198,25,Master's,Employed,4968,2,b42d9a41-31e3-4d62-88d0-36a20f59544c,50,none,0,0.33,master,3775,0.67,0.15,240,0.62,0.46,0.74,0,0,0,3,0,0.001
USR_199,22,Bachelor's,Self-Employed,8265,1,a10cd432-62db-4851-82a0-aea68105d7f3,41,none,0,0.67,bachelor,2727,0.34,0.06,15,0.84,0.48,0.22,0,0,0,0,1,0.005
USR_200,23,High School,Employed,2101,2,059feb1f-3cf1-4871-839e-495e4e7ef21b,18,none,0,0.96,highschool,1092,0.47000000000000003,0.11,120,0.9400000000000001,0.63,0.0,0,0,1,3,3,0.20400000000000001
USR_201,25,Master's,Employed,4115,2,1feb1587-e820-4158-a9ae-d90400b41851,28,none,0,0.49,master,2839,0.49,0.06,90,0.6000000000000001,0.32,0.29,0,0,1,0,3,0.027100000000000003
USR_202,23,PhD,Self-Employed,11560,3,70ec8ca2-14d9-49d1-b581-7760ca7c3d60,23,none,0,0.31,phd,7860,0.72,0.06,30,0.63,0.71,0.53,0,0,0,2,0,0.0
USR_203,23,PhD,Self-Employed,4347,1,c297be7d-f8d4-4585-b60c-619dde57b762,16,none,0,0.36,phd,2564,0.39,0.13,360,0.76,0.07,0.23,0,0,0,2,1,0.007
USR_204,20,Bachelor's,Employed,6786,3,f29fbc39-9999-4be9-ab17-86b90adfee9f,2,rent,16,0.38,bachelor,4003,0.4,0.08,240,0.73,0.35000000000000003,0.19,0,0,1,0,3,0.009000000000000001
USR_205,26,High School,Student,2770,2,a6e311fa-d130-42da-8afe-f043561eb10b,34,owner,0,0.85,none,1606,0.79,0.25,180,0.85,0.30000000000000004,0.65,0,0,0,0,0,0.201
USR_206,21,Bachelor's,Employed,11374,1,2c630ce4-129a-4c9c-a770-58aced001e49,35,none,0,0.5700000000000001,bachelor,9212,0.48,0.18,30,0.96,0.27,0.52,0,0,0,0,2,0.005
USR_207,23,Master's,Employed,10470,3,cf5b3335-a26a-4e81-80ad-15796e07c5c0,11,none,0,0.64,master,4606,0.78,0.14,360,0.6900000000000001,0.37,0.27,0,0,0,1,1,0.0
USR_208,21,Diploma,Self-Employed,10267,1,31fea701-5e2e-4ead-8013-322bc05a1e1d,33,owner,0,0.54,cert,2156,0.81,0.29,180,0.68,0.59,0.64,0,0,0,1,3,0.002
USR_209,26,Bachelor's,Employed,5533,2,d78bf91b-5e62-475e-95fb-fb4a04697067,51,rent,13,0.42,bachelor,4149,0.6900000000000001,0.2,60,0.93,0.14,0.59,0,0,0,2,3,0.014
USR_210,22,High School,Student,3740,2,16409bfb-ed26-4f92-a6af-ffe6f3472e11,39,rent,21,0.8300000000000001,none,2393,0.8,0.2,60,0.9,0.07,0.29,0,0,0,3,1,0.2
USR_211,22,High School,Employed,10939,1,31fdaa9d-d83f-4a0b-a5e4-2398e9cdfe35,14,rent,24,0.5700000000000001,highschool,2953,0.37,0.15,45,0.96,0.11,0.48,0,0,0,0,0,0.0
USR_212,20,PhD,Employed,5288,2,4ccab7d6-4bf8-4aa2-9192-899624dc5297,20,none,0,0.36,phd,2485,0.38,0.08,120,0.73,0.43,0.33,0,0,0,0,3,0.308
USR_213,25,Diploma,Self-Employed,4420,1,7c4630c3-eb45-48d0-ab02-1adfc1fef302,58,owner,0,0.33,cert,1370,0.46,0.21,360,0.81,0.44,0.77,0,0,1,2,2,0.001
USR_214,24,High School,Student,2891,3,737ed43f-9299-46fd-8842-3e9e23990604,15,owner,0,0.75,highschool,2428,0.34,0.11,90,0.63,0.43,0.03,0,0,0,3,2,0.2
USR_215,26,Master's,Student,3600,2,647c5882-4e4a-4be2-a3c0-495bb35300b4,20,owner,0,0.32,master,2844,0.49,0.23,0,0.89,0.49,0.30000000000000004,0,0,0,0,1,0.5
USR_216,25,Bachelor's,Employed,5831,3,215e258c-5c6e-4bde-8a6c-4046f6271546,58,none,0,0.54,bachelor,3673,0.41000000000000003,0.09,240,0.68,0.71,0.79,0,0,0,3,2,0.001
USR_217,21,Diploma,Employed,6150,2,a48f132f-b61f-4970-874c-4e1a165413a0,11,owner,0,0.35000000000000003,cert,2091,0.46,0.17,180,0.58,0.41000000000000003,0.14,0,0,0,0,1,0.01
USR_218,24,Diploma,Employed,2082,1,e56f6e25-a1da-4725-b89e-729f987c4393,53,rent,21,0.64,cert,1353,0.56,0.2,240,0.9500000000000001,0.37,0.65,0,0,0,2,0,0.201
USR_219,23,High School,Student,3159,1,084db500-ea16-49d3-ac30-82c7e16ca610,49,none,0,0.35000000000000003,none,2621,0.65,0.15,60,0.67,0.09,0.65,0,0,0,2,3,0.20600000000000002
USR_220,21,Diploma,Employed,6920,2,755a3936-541e-4927-a9bd-a4e56bbdb65f,6,owner,0,0.81,cert,3114,0.67,0.09,60,0.8300000000000001,0.68,0.25,0,0,0,1,2,0.0
USR_221,26,PhD,Employed,9348,3,02f513a3-56be-4be7-bc13-e43ee27e6d91,20,none,0,0.96,phd,3926,0.8300000000000001,0.29,60,0.88,0.49,0.77,0,0,0,3,2,0.303
USR_222,23,Diploma,Employed,11228,1,fb562539-5df2-4dc3-8224-87f2f64b85d9,16,owner,0,0.8,cert,7073,0.55,0.06,0,0.98,0.28,0.5,0,0,0,1,2,0.002
USR_223,23,High School,Employed,6133,1,8953e592-0390-4890-a20d-d0ae2b9c626a,24,owner,0,0.5700000000000001,highschool,1349,0.58,0.24,240,0.91,0.36,0.04,0,0,0,0,1,0.005
USR_224,25,Master's,Self-Employed,11312,2,9e92c114-11bb-4354-93da-e3fcf2bb70f0,48,rent,15,1.0,master,8144,0.62,0.18,60,0.8300000000000001,0.38,0.56,0,0,0,2,1,0.0
USR_225,26,Master's,Student,8419,2,530d1eb6-aa31-4020-a5f3-ea1fc6fecfb4,0,none,0,0.54,master,5809,0.56,0.08,15,0.88,0.12,0.25,0,0,0,1,1,0.2154
USR_226,20,Bachelor's,Student,4000,1,0f1c5836-fb1e-4757-acdc-49fcaec970da,20,rent,10,0.77,bachelor,2720,0.56,0.05,15,0.59,0.12,0.59,0,0,0,2,0,0.2
USR_227,25,PhD,Employed,8611,1,3626cb00-fdcd-4fee-a054-9e104837d54f,5,rent,10,0.58,phd,2066,0.72,0.2,30,0.96,0.09,0.51,0,0,0,2,3,0.0
USR_228,24,PhD,Employed,11298,2,30aaa588-3719-4b13-813a-e97709e33729,9,rent,6,0.75,phd,10055,0.54,0.27,30,0.68,0.5,0.61,0,0,0,2,0,0.0
USR_229,23,High School,Employed,8359,1,bba3b5e7-2a6f-4e79-b10d-d5b5a3798a3e,49,rent,24,0.5700000000000001,highschool,7355,0.75,0.24,30,0.9400000000000001,0.09,0.38,0,0,0,0,2,0.002
USR_230,26,Diploma,Self-Employed,8080,3,22789da9-7f67-40ae-8485-ffb6b0717afa,41,owner,0,0.34,cert,4040,0.36,0.22,180,0.58,0.11,0.49,0,0,0,2,3,0.001
USR_231,21,Master's,Employed,9363,1,d0a9677d-3a12-4275-a7b6-3d3fdfd2940b,4,none,0,0.74,master,4681,0.31,0.24,90,0.93,0.22,0.38,0,0,0,1,0,0.0
USR_232,20,Master's,Self-Employed,5958,3,24b6837f-224d-41fb-87cb-a4b12d1fa0b3,48,none,0,0.33,master,3038,0.53,0.19,120,0.67,0.58,0.09,0,0,0,3,2,0.001
USR_233,21,Master's,Employed,8027,1,72a9071d-a338-41d2-917d-beb67b63d17a,16,none,0,0.9,master,2167,0.39,0.08,60,0.76,0.49,0.36,0,0,0,2,2,0.30000000000000004
USR_234,21,PhD,Employed,4245,1,7473faca-7a95-465e-ac7a-b20c7149c37f,39,rent,14,0.74,phd,2759,0.81,0.14,360,0.81,0.64,0.06,0,0,0,2,2,0.009000000000000001
USR_235,21,Diploma,Employed,11273,3,76eae53a-216b-4c1e-a35a-7bcba7ef7762,46,none,0,0.54,cert,6876,0.43,0.13,15,0.56,0.42,0.73,0,0,0,1,3,0.0
USR_236,22,High School,Employed,5877,1,3d1e05b0-e506-4421-86e5-f9d5ad308546,17,rent,10,0.9500000000000001,highschool,4525,0.46,0.1,360,0.81,0.51,0.6900000000000001,0,0,0,3,3,0.0
USR_237,24,High School,Employed,7525,1,339f9b30-be94-4174-97a9-d22d4c015644,53,owner,0,0.9400000000000001,none,5493,0.6000000000000001,0.19,45,0.68,0.17,0.55,0,0,0,3,0,0.001
USR_238,23,Diploma,Employed,10420,1,93cc5dfb-c803-4eff-bd16-7a4107f8fc29,48,owner,0,0.98,cert,5210,0.51,0.08,180,0.71,0.24,0.75,0,0,0,3,0,0.001
USR_239,26,PhD,Employed,6479,3,0f7b1bf1-d6fb-4a82-8f4f-2c80bfaf2109,1,none,0,0.71,phd,4600,0.84,0.05,0,0.93,0.23,0.41000000000000003,0,0,0,3,2,0.0
USR_240,26,High School,Employed,5748,1,381da1d3-8dac-4470-9b51-d9d6a380c19f,11,owner,0,0.8200000000000001,highschool,4655,0.36,0.17,0,0.73,0.06,0.52,0,0,0,3,2,0.003
USR_241,21,High School,Employed,9893,1,15e61838-e7b7-4bce-a35f-c59dd4e9bfa0,28,owner,0,0.4,highschool,4056,0.6900000000000001,0.26,240,0.8300000000000001,0.19,0.5,0,0,0,1,2,0.0
USR_242,24,Bachelor's,Student,3878,3,4418a475-decc-42c8-8526-8fbb78bd0e3d,43,none,0,0.5700000000000001,bachelor,2210,0.54,0.1,180,0.72,0.27,0.42,0,0,0,2,3,0.2
USR_243,25,High School,Employed,2144,2,2fa9dba4-089b-46bc-8df5-9622ba7957a2,48,rent,20,0.44,highschool,1886,0.66,0.1,120,0.9500000000000001,0.49,0.29,0,0,0,1,0,0.20400000000000001
USR_244,22,Bachelor's,Self-Employed,11968,2,046cf11d-3acc-4ca8-9023-57c6620d6184,4,rent,11,0.99,bachelor,10412,0.68,0.15,60,0.64,0.32,0.39,0,0,0,2,0,0.0
USR_245,21,PhD,Student,5200,2,608ee101-f608-4df4-bb68-88444c626759,5,rent,12,0.62,phd,2132,0.76,0.04,0,0.59,0.32,0.44,0,0,0,3,2,0.058100000000000006
USR_246,25,PhD,Employed,10868,3,d99cd877-13c9-4441-b3f7-5fc64981a633,59,rent,6,0.99,phd,5107,0.77,0.14,90,0.89,0.54,0.65,0,0,0,1,3,0.0
USR_247,26,PhD,Employed,2087,3,a4ebf9f3-2779-4c22-81ab-32758701e5f5,12,owner,0,0.34,phd,1106,0.39,0.15,15,1.0,0.7000000000000001,0.03,0,0,0,3,0,0.2
USR_248,26,PhD,Employed,6440,1,d31473eb-0347-42d7-a69a-80176a04fcda,56,none,0,0.58,phd,1674,0.6000000000000001,0.13,30,0.78,0.43,0.17,0,0,0,1,0,0.30000000000000004
USR_249,23,High School,Employed,11633,1,f600ed76-2132-40ba-ba86-cf94409276c8,5,none,0,0.51,none,9539,0.5,0.07,15,0.5700000000000001,0.21,0.23,0,0,0,2,3,0.002
USR_250,20,High School,Employed,10907,2,a077f629-c7f9-4d0c-8780-39731fd76a0a,42,none,0,0.35000000000000003,none,8616,0.36,0.19,90,0.8,0.63,0.14,0,0,0,3,2,0.001
USR_251,26,High School,Employed,11419,2,7390adac-43f2-46c4-a141-b02143a845db,38,none,0,0.51,highschool,5709,0.74,0.05,240,0.87,0.2,0.36,0,0,0,3,0,0.001
USR_252,24,PhD,Unemployed,10941,1,2ecf47e9-d877-4d96-b0a0-7461f979d3eb,0,rent,8,0.45,phd,8096,0.5700000000000001,0.23,15,0.61,0.35000000000000003,0.34,0,0,0,2,0,0.20400000000000001
USR_253,20,Bachelor's,Employed,6639,3,b4467ad1-d717-4b96-a669-e0a61ac0c326,25,none,0,0.79,bachelor,5576,0.30000000000000004,0.1,240,0.8200000000000001,0.15,0.32,0,0,0,3,2,0.001
USR_254,25,Bachelor's,Employed,6862,2,4b5173a9-5603-4126-81a5-937bdfd5d4b3,4,rent,9,0.84,bachelor,1784,0.55,0.12,60,0.8,0.26,0.5,0,0,0,1,1,0.0
USR_255,22,PhD,Employed,2145,3,82b41fa2-0b44-4781-83d3-84f0dbc6bf67,22,none,0,0.59,phd,1244,0.8,0.21,180,0.7000000000000001,0.05,0.54,0,0,0,1,0,0.503
USR_256,23,Bachelor's,Employed,11542,3,17b829c4-f5ac-41cc-a4be-3da9b5ea8596,47,rent,13,0.5,bachelor,9002,0.81,0.16,120,0.9500000000000001,0.27,0.8,0,0,0,3,0,0.008
USR_257,21,High School,Employed,8792,3,e673268d-f916-4d60-811d-50eedc16591e,8,owner,0,0.62,none,7912,0.75,0.29,90,0.85,0.55,0.44,0,0,0,1,2,0.032100000000000004
USR_258,23,Bachelor's,Employed,7200,3,30400d4e-b4a9-4a85-987f-8435357e29f0,5,owner,0,0.9500000000000001,bachelor,5904,0.54,0.28,15,0.9400000000000001,0.21,0.52,0,1,0,0,2,0.011
USR_259,25,Bachelor's,Employed,5194,3,82c98232-c6e9-43b5-afa9-f73cd8623210,51,none,0,0.88,bachelor,2545,0.68,0.13,240,0.68,0.46,0.45,0,0,0,2,3,0.006
USR_260,20,Master's,Employed,7920,2,866214b8-88b4-4576-9d53-5a808f1adea3,17,rent,17,0.61,master,2692,0.34,0.18,0,1.0,0.21,0.55,0,0,0,2,2,0.004
USR_261,25,Diploma,Employed,8147,3,29396b77-12bd-40b0-a427-1f3eb5f90493,49,rent,9,0.88,cert,6354,0.72,0.02,240,1.0,0.72,0.6900000000000001,0,0,0,1,3,0.001
USR_262,23,Master's,Employed,8460,3,a0fb4f15-018a-4693-b10a-ae45888d22fe,19,owner,0,0.45,master,5752,0.73,0.04,180,0.89,0.08,0.09,0,0,0,2,0,0.005
USR_263,26,Master's,Employed,7762,3,4213e421-8d01-471c-b567-46936d1d6319,9,rent,12,0.76,master,4346,0.67,0.26,45,0.74,0.45,0.34,0,0,0,1,1,0.005
USR_264,25,High School,Employed,5062,3,9b82fc0b-236b-4324-8689-edc56b458316,51,rent,2,0.7000000000000001,highschool,3594,0.7000000000000001,0.24,30,0.77,0.68,0.56,0,0,0,0,3,0.005
USR_265,20,Master's,Employed,5317,3,ffb48ac4-158f-4023-9081-11d650df88f5,9,owner,0,0.9500000000000001,master,3083,0.65,0.21,0,0.98,0.05,0.53,0,0,0,1,3,0.303
USR_266,25,High School,Self-Employed,4127,3,b310cfd8-74f8-4b04-b43a-748dff8a90a0,55,none,0,0.9400000000000001,highschool,1031,0.39,0.1,60,0.79,0.37,0.62,0,0,0,2,1,0.008
USR_267,24,Diploma,Student,3001,2,3e1dc08a-d8be-4142-9973-9932347c4747,25,rent,6,0.98,cert,1980,0.65,0.19,0,0.5700000000000001,0.28,0.79,0,0,0,1,1,0.201
USR_268,20,Master's,Employed,9555,1,2093be7a-8917-442d-93e7-e89579d1fcf6,60,none,0,0.56,master,6401,0.52,0.17,15,0.6000000000000001,0.33,0.56,0,0,0,1,0,0.007
USR_269,22,High School,Employed,3941,2,1a185ce9-b708-4d1f-921e-9a5891e08d95,27,owner,0,0.68,none,3310,0.75,0.04,30,0.91,0.47000000000000003,0.66,0,0,0,2,3,0.040100000000000004
USR_270,20,High School,Employed,9440,2,84fc5a55-061d-4c01-8224-59d12affccbc,50,none,0,0.55,highschool,4153,0.61,0.11,60,0.63,0.27,0.18,0,0,1,2,1,0.003
USR_271,25,Master's,Employed,5523,1,10d846de-1d27-42ef-846c-ff466208833d,15,owner,0,0.4,master,4197,0.47000000000000003,0.16,120,0.74,0.68,0.16,0,1,0,1,0,0.011
USR_272,23,PhD,Employed,4872,3,68fa543e-63b0-40d2-a726-de87d0d98b5c,14,none,0,0.53,phd,2825,0.8,0.21,45,0.91,0.54,0.18,0,0,0,0,0,0.001
USR_273,24,Diploma,Employed,11114,3,dbff27ac-67b4-48ea-8b64-3c6604544a0e,48,rent,24,0.62,cert,8891,0.5700000000000001,0.09,120,0.84,0.75,0.54,0,0,0,0,2,0.001
USR_274,26,Master's,Employed,7415,1,9f15743c-e84a-47ec-b4ee-dd69eadd6cda,31,rent,19,0.72,master,3559,0.6900000000000001,0.14,120,0.72,0.25,0.28,0,0,0,3,3,0.011
USR_275,25,High School,Student,3641,1,d8b30ffa-a27e-490b-9b1a-44e92c44bc8b,37,none,0,0.34,none,1347,0.44,0.11,120,0.87,0.56,0.25,0,0,0,0,1,0.20400000000000001
USR_276,22,Diploma,Student,3045,3,dce33928-8e6a-429d-b3ae-1eca6b838cc0,26,owner,0,0.47000000000000003,cert,2496,0.31,0.21,15,0.73,0.46,0.76,0,0,0,3,3,0.201
USR_277,26,High School,Employed,2151,3,189d580c-85d4-44df-bb06-ebf0e29e56e6,7,none,0,0.47000000000000003,highschool,1355,0.53,0.18,240,0.6900000000000001,0.23,0.54,0,0,0,2,3,0.203
USR_278,25,Bachelor's,Employed,4425,2,361c5453-c5a9-48c7-b009-481978ad3a1b,60,owner,0,0.38,bachelor,2699,0.84,0.03,360,0.75,0.56,0.25,0,0,0,1,2,0.007
USR_279,20,Diploma,Student,1766,2,4855410d-614b-44f5-a73c-95797ca66674,6,none,0,0.85,cert,512,0.77,0.14,0,1.0,0.35000000000000003,0.8,0,0,0,2,0,0.0531
USR_280,21,Diploma,Self-Employed,10508,1,115fb8a1-a18d-461a-94da-7f204dc56b71,35,rent,2,0.5700000000000001,cert,4203,0.84,0.21,15,0.61,0.12,0.30000000000000004,0,0,0,1,1,0.002
USR_281,25,Bachelor's,Employed,2218,2,62531a1b-15d8-4e63-83f9-ceaa1d3d6647,40,rent,19,0.76,bachelor,1463,0.8200000000000001,0.11,360,0.61,0.65,0.64,0,0,0,3,0,0.20400000000000001
USR_282,20,Bachelor's,Employed,8198,3,7a1b8c4c-b77f-4bae-8589-8c8b2a9d0b8c,24,none,0,0.44,bachelor,3689,0.39,0.2,60,0.67,0.43,0.45,0,0,0,1,3,0.003
USR_283,26,Diploma,Employed,11503,2,f97f365c-765c-4e2c-8f21-99c40a04c4c2,26,rent,21,0.8,cert,4601,0.71,0.15,240,0.66,0.73,0.63,0,0,0,3,3,0.001
USR_284,20,Master's,Employed,2242,1,f293d9e6-d61a-4f33-ba8c-13789e621e8b,38,none,0,0.58,master,515,0.6900000000000001,0.25,240,0.76,0.47000000000000003,0.41000000000000003,0,0,0,2,2,0.20500000000000002
USR_285,20,High School,Employed,11125,3,b1cc7b9e-3af7-4522-a8ac-30573c882739,32,none,0,0.8200000000000001,highschool,7676,0.31,0.03,15,0.6900000000000001,0.5700000000000001,0.61,0,0,0,2,1,0.004
USR_286,26,PhD,Employed,5007,3,5c1c009c-d5aa-4aca-86dd-1fb9423b775b,59,rent,6,0.4,phd,4406,0.54,0.09,360,0.58,0.42,0.56,0,0,0,1,2,0.32
USR_287,21,Bachelor's,Employed,9118,1,7b874882-299b-4e54-860d-9dec653a8310,50,none,0,0.72,bachelor,4650,0.67,0.16,30,0.85,0.25,0.53,0,0,0,1,2,0.009000000000000001
USR_288,25,PhD,Employed,8787,2,20211843-0514-4f7f-ac93-9fdaa4fee8c7,31,none,0,0.38,phd,5360,0.48,0.08,90,0.65,0.13,0.18,0,0,0,1,0,0.30000000000000004
USR_289,23,PhD,Self-Employed,10617,3,a3251274-7e14-4181-a5ae-f9d9940f87b1,5,rent,22,0.39,phd,9555,0.78,0.08,240,0.98,0.27,0.55,0,0,0,3,2,0.001
USR_290,24,High School,Employed,6931,1,e6e39118-3aeb-43ce-95e8-a477021a6198,29,none,0,0.93,highschool,3396,0.8300000000000001,0.24,60,0.63,0.54,0.48,0,0,0,3,1,0.005
USR_291,22,Bachelor's,Unemployed,2245,2,c88a9dff-2f52-4ae7-b428-fe442a99c1f6,0,none,0,0.67,bachelor,1975,0.6000000000000001,0.22,30,0.84,0.58,0.08,1,0,0,3,3,0.005
USR_292,22,Master's,Employed,10051,2,dcae897f-8528-4a7a-b34b-31771635d60a,36,none,0,0.65,master,6633,0.62,0.24,240,0.66,0.67,0.19,0,0,0,3,1,0.01
USR_293,20,Diploma,Employed,9879,3,bb5c77e0-1d28-4cf8-963a-34358dd4c0e0,42,none,0,0.97,cert,3951,0.72,0.05,60,0.77,0.21,0.75,0,0,0,3,0,0.0
USR_294,22,PhD,Employed,6516,1,70458923-f07e-45b5-8d75-80078b076ecb,18,owner,0,0.58,phd,4300,0.5,0.17,90,0.74,0.5700000000000001,0.26,0,0,0,0,1,0.003
USR_295,20,High School,Employed,5747,1,23e64637-44b5-4b66-abd6-6a1c9217fa08,31,rent,16,0.66,none,1839,0.37,0.24,60,0.88,0.13,0.72,0,0,0,2,0,0.006
USR_296,26,High School,Employed,11126,1,bf0080e2-7d65-4978-950f-dec98541ad88,58,owner,0,0.85,highschool,6341,0.53,0.14,30,0.8,0.46,0.77,0,0,0,2,2,0.0
USR_297,25,Bachelor's,Employed,9238,3,a8387101-4422-4865-a20e-f24b0f1f9195,26,none,0,0.76,bachelor,7020,0.76,0.19,60,0.86,0.11,0.39,0,0,0,3,3,0.001
USR_298,26,Bachelor's,Employed,9961,1,dd32d490-7a9c-498f-9b8c-5498225ae680,33,none,0,0.47000000000000003,bachelor,6076,0.75,0.12,15,0.62,0.35000000000000003,0.33,0,0,0,1,3,0.005
USR_299,23,Bachelor's,Employed,8032,3,a6df8b97-496a-43d4-98f7-3a84495e6faa,55,none,0,0.52,bachelor,2329,0.5,0.18,90,0.66,0.14,0.36,0,0,0,3,1,0.002
USR_300,22,High School,Employed,9493,3,b5fc9ac3-2860-44ca-acfb-67a959df8ef4,31,none,0,0.71,highschool,3417,0.33,0.03,360,0.6900000000000001,0.09,0.71,0,0,0,2,3,0.011
USR_301,25,Bachelor's,Employed,10520,3,e4b8f3fd-fc8a-4414-ad30-c47670bd774e,13,none,0,0.58,bachelor,6627,0.68,0.03,120,0.98,0.05,0.07,0,0,0,0,2,0.005
USR_302,22,PhD,Employed,6991,3,91bc720e-49db-465c-ab93-bc4d75b74306,24,none,0,0.5700000000000001,phd,4194,0.66,0.06,30,0.63,0.55,0.34,0,0,0,1,0,0.002
USR_303,23,PhD,Student,1826,3,0ffb6f26-d0a5-4499-8ae3-5e59042b4b90,5,owner,0,0.46,phd,1040,0.30000000000000004,0.28,45,0.91,0.29,0.14,0,0,0,1,0,0.0391
USR_304,24,Diploma,Employed,11653,1,34252c52-c1b5-41ae-b7b7-1aa0c80a357f,11,owner,0,0.73,cert,7924,0.5700000000000001,0.18,45,0.76,0.23,0.2,1,0,0,2,1,0.004
USR_305,22,High School,Employed,2172,1,2028a0bd-c717-4be5-8972-773227cdbfb6,29,none,0,0.6900000000000001,none,1107,0.75,0.2,90,0.8200000000000001,0.4,0.77,0,0,0,0,1,0.2
USR_306,21,High School,Employed,6026,3,629e2a00-df19-4cc8-b428-6e72995ad891,22,rent,10,0.5,highschool,3555,0.58,0.07,45,0.87,0.39,0.61,0,0,0,0,0,0.001
USR_307,26,High School,Self-Employed,4240,3,7e81f00c-03e4-47d7-899b-f6c284b4e5e1,15,none,0,0.61,none,1484,0.7000000000000001,0.12,60,0.89,0.13,0.13,0,0,0,1,3,0.006
USR_308,20,Diploma,Employed,4712,2,43ec2fd0-d716-47a5-b910-cdc03fda7f89,51,owner,0,0.6900000000000001,cert,1413,0.8300000000000001,0.06,0,0.63,0.4,0.8,0,0,0,3,2,0.001
USR_309,24,Bachelor's,Employed,4577,1,0705f2a3-181c-4c71-a30f-8d1548976f78,46,rent,10,0.85,bachelor,2288,0.8200000000000001,0.14,180,0.75,0.44,0.30000000000000004,0,0,0,0,3,0.009000000000000001
USR_310,24,High School,Employed,7463,2,0f6455c0-4a16-4327-92b9-1b53c09dfd64,47,owner,0,0.66,none,6119,0.36,0.12,360,0.5700000000000001,0.31,0.52,0,0,0,1,2,0.012
USR_311,26,Diploma,Employed,9831,3,7d84ba84-57c2-47dc-8597-39d33c4bf01d,1,rent,20,0.5700000000000001,cert,8651,0.35000000000000003,0.11,360,0.79,0.18,0.4,0,0,0,2,2,0.009000000000000001
USR_312,25,High School,Employed,6440,2,1d082b51-0e7a-43ed-a9e7-c7d519201146,23,rent,17,0.98,highschool,1867,0.31,0.28,30,0.98,0.7000000000000001,0.12,0,0,0,2,3,0.002
USR_313,24,Master's,Employed,10446,3,018dda3a-a59e-43d5-a549-542f27583f75,6,owner,0,0.35000000000000003,master,3551,0.41000000000000003,0.11,60,0.89,0.59,0.68,0,0,0,2,0,0.30000000000000004
USR_314,24,High School,Employed,5662,3,229a0300-991f-4747-90c6-099e1d0a7c03,36,none,0,0.45,highschool,2547,0.55,0.29,0,0.88,0.74,0.48,0,0,0,2,1,0.0
USR_315,26,High School,Employed,4808,3,4e211c20-25b7-43c1-a248-af6f0e1e548a,28,owner,0,0.43,highschool,3942,0.35000000000000003,0.11,30,0.87,0.14,0.09,0,0,0,3,1,0.002
USR_316,26,Master's,Employed,7227,3,5155ddbc-cbf1-4dca-9722-c342cca04cf4,54,none,0,0.91,master,1951,0.78,0.07,30,0.89,0.63,0.45,0,0,0,0,1,0.0
USR_317,25,High School,Employed,9699,3,57af7111-5701-4278-9a2c-ae4533691605,36,rent,14,0.36,none,3297,0.8300000000000001,0.12,30,0.9,0.43,0.34,0,0,1,2,1,0.0
USR_318,23,Master's,Employed,5325,1,117c8f73-949b-4a8d-af16-eb4362bccf5c,39,rent,19,0.4,master,1810,0.51,0.23,15,0.6000000000000001,0.09,0.76,0,0,0,0,2,0.0
USR_319,22,Master's,Employed,5511,3,274764f6-cfe7-4393-9369-5315baf99564,14,owner,0,0.4,master,4904,0.64,0.24,180,0.74,0.49,0.16,0,0,0,0,0,0.0
USR_320,24,High School,Employed,8409,2,328100b6-a1c0-4dac-82d5-b46f87c34d2b,40,none,0,0.47000000000000003,highschool,6306,0.38,0.14,120,0.9500000000000001,0.72,0.41000000000000003,0,0,0,0,0,0.002
USR_321,22,High School,Employed,2307,1,46be5203-8480-4eb4-84de-6616929bf7b4,21,owner,0,0.63,none,1338,0.44,0.13,120,0.9,0.14,0.11,0,0,0,1,1,0.20500000000000002
USR_322,24,High School,Self-Employed,11375,3,b4f7eb8e-3b7d-4422-bffb-8e0fc32037fc,56,owner,0,0.31,highschool,3185,0.84,0.1,240,0.79,0.67,0.11,0,0,0,2,1,0.001
USR_323,23,PhD,Student,3568,2,6b129b81-3465-41f0-bd8b-607c532f640b,53,owner,0,0.73,phd,1891,0.36,0.29,180,0.86,0.59,0.13,0,0,0,1,2,0.5
USR_324,22,PhD,Employed,6335,1,807b5d61-2109-4e00-8eab-d3f73ba1c48f,2,none,0,0.73,phd,3484,0.79,0.15,15,0.68,0.15,0.16,0,0,0,0,3,0.003
USR_325,23,PhD,Employed,10225,2,21241bad-5747-4ca4-81cd-0cdb78ca706e,9,owner,0,0.86,phd,4703,0.51,0.19,45,0.96,0.58,0.47000000000000003,0,0,0,1,0,0.301
USR_326,20,PhD,Employed,6084,2,fa6316ad-b7dd-482a-8ee9-4ea9fe0035c1,31,owner,0,0.98,phd,1642,0.81,0.27,240,0.74,0.68,0.37,0,0,0,3,0,0.004
USR_327,21,Diploma,Student,4808,1,1bad773b-3f8b-4d30-920a-00bc6e8da69a,2,rent,2,0.99,cert,4327,0.64,0.25,60,0.6900000000000001,0.56,0.65,0,0,0,2,3,0.032100000000000004
USR_328,22,PhD,Self-Employed,10061,3,55a2b7e1-4e2a-4ace-82be-155ec0e8f0f3,38,none,0,0.85,phd,4728,0.8,0.1,360,1.0,0.26,0.5,0,0,0,1,1,0.30000000000000004
USR_329,23,High School,Student,3439,1,78fbd4ad-70e2-469a-99fd-2f35aca3bc9b,4,none,0,0.67,none,1134,0.76,0.06,0,0.89,0.67,0.33,0,0,0,2,1,0.0
USR_330,24,Master's,Student,2700,1,7e4bb55a-c45d-4a89-a3a4-abb183387d51,1,rent,22,0.53,master,648,0.74,0.18,360,0.92,0.6900000000000001,0.33,0,0,0,3,0,0.0
USR_331,25,High School,Employed,9335,3,3606bf2c-8f6a-4db1-80a6-7e2a3d996b74,25,rent,8,0.88,none,7094,0.66,0.24,15,0.61,0.56,0.79,0,0,0,3,3,0.008
USR_332,26,Master's,Employed,8100,1,c90d9f32-41aa-45d5-aff7-fde195a1b942,28,owner,0,0.74,master,4536,0.45,0.28,90,0.75,0.39,0.47000000000000003,0,0,0,3,2,0.001
USR_333,26,Bachelor's,Self-Employed,9421,3,4d761698-95cd-4ade-ba1b-74a8e3b20349,51,rent,16,0.41000000000000003,bachelor,6688,0.59,0.24,30,0.9,0.12,0.79,0,0,0,0,3,0.004
USR_334,26,Master's,Self-Employed,11700,1,64710ba3-d150-4fc4-b966-c6aca5c0f46d,57,owner,0,0.97,master,8658,0.31,0.16,180,0.79,0.05,0.71,0,0,0,3,3,0.001
USR_335,21,High School,Student,3752,2,7c4526fa-736e-43fb-bdc0-fbde90f82050,26,rent,22,0.63,none,750,0.6000000000000001,0.28,120,0.84,0.67,0.38,0,0,0,2,0,0.20400000000000001
USR_336,26,Bachelor's,Employed,5512,2,ef551d86-ea25-4e77-9538-037bf126c1d9,40,owner,0,0.32,bachelor,1984,0.71,0.21,240,0.59,0.35000000000000003,0.02,0,0,0,3,1,0.0291
USR_337,21,Bachelor's,Self-Employed,7265,2,5e14bacb-b396-408a-a926-dc64a8361d69,31,rent,23,0.41000000000000003,bachelor,3269,0.47000000000000003,0.30000000000000004,240,0.67,0.09,0.21,0,0,0,2,1,0.003
USR_338,23,High School,Self-Employed,11686,1,c134b6f2-5448-4f09-bf2b-2d5da3f5ef3e,36,owner,0,0.87,highschool,7362,0.65,0.03,60,0.56,0.24,0.61,0,0,0,1,3,0.001
USR_339,21,Bachelor's,Employed,2219,3,28ba8d25-29ef-4a7c-9f25-31f6563a0e87,28,owner,0,0.74,bachelor,1952,0.41000000000000003,0.1,45,0.9500000000000001,0.55,0.27,0,0,1,0,0,0.2
USR_340,21,Diploma,Student,2695,3,04af1949-0edf-46c8-9128-5b3e0da5ce3e,34,none,0,0.42,cert,565,0.34,0.09,0,0.97,0.71,0.32,0,0,0,3,3,0.203
USR_341,26,High School,Employed,4556,1,09fee15a-67bb-4cf5-9950-900ee715773d,56,owner,0,0.74,highschool,2733,0.42,0.29,180,0.67,0.5,0.65,0,0,0,0,1,0.030100000000000002
USR_342,25,Master's,Student,3528,1,827a4228-9e5b-4120-a9ac-ac4b6734e5b1,4,rent,21,0.31,master,2963,0.41000000000000003,0.27,30,0.85,0.07,0.12,0,0,0,2,1,0.302
USR_343,21,High School,Employed,6699,1,b1ad70ee-4b88-4af6-96e2-0dc1d2c714d0,27,owner,0,0.59,highschool,3148,0.35000000000000003,0.29,240,0.63,0.15,0.2,0,0,0,1,0,0.001
USR_344,26,Bachelor's,Employed,4290,3,ed5679f8-748f-4cb4-9ab1-9d7620eed029,37,none,0,0.67,bachelor,1029,0.41000000000000003,0.22,60,0.5700000000000001,0.51,0.01,0,0,0,2,0,0.015
USR_345,24,Diploma,Employed,7701,1,f20f3140-68de-42b5-a5f8-fb0dc611618d,37,none,0,0.7000000000000001,cert,3542,0.66,0.25,240,0.66,0.73,0.18,0,0,0,3,0,0.009000000000000001
USR_346,24,High School,Employed,2349,3,ee063840-4248-4677-8363-593375f9d425,60,rent,20,0.77,none,1879,0.48,0.26,120,0.67,0.53,0.37,0,0,0,1,0,0.20800000000000002
USR_347,20,Bachelor's,Employed,4950,3,8bb7c4d5-ee3d-4483-9fe1-0f955afbe407,15,none,0,0.99,bachelor,2574,0.63,0.02,30,0.84,0.05,0.38,0,0,0,3,3,0.007
USR_348,23,PhD,Student,3184,1,6e4ae8c5-a4fb-424c-a849-1c065e927e28,46,none,0,0.87,phd,955,0.41000000000000003,0.19,15,0.63,0.59,0.4,0,0,0,2,2,0.20500000000000002
USR_349,25,Bachelor's,Self-Employed,9327,2,07e0ec85-87d1-4418-ae5c-cee4be57da87,28,rent,5,0.98,bachelor,2611,0.34,0.16,360,0.8300000000000001,0.09,0.12,0,0,0,0,3,0.0
USR_350,20,Master's,Employed,10652,3,a17ee3c7-c4a4-4be8-9b7c-6a7b7fca7c06,16,owner,0,0.58,master,2663,0.46,0.29,240,0.98,0.66,0.65,0,0,0,3,1,0.012
USR_351,26,PhD,Employed,9608,2,a3cf371f-3527-4906-a06a-17e795b977c8,18,none,0,0.34,phd,4515,0.43,0.2,15,0.79,0.73,0.79,0,0,0,3,2,0.005
USR_352,25,PhD,Employed,2315,3,e11c962b-fe7d-49e7-a9c9-f34251570824,29,owner,0,0.48,phd,1111,0.54,0.09,15,0.98,0.17,0.45,1,0,0,3,3,0.503
USR_353,20,High School,Employed,8804,3,75ea74ee-a743-4b04-8cd4-10a787d986f7,45,none,0,0.92,none,5546,0.47000000000000003,0.25,240,0.59,0.7000000000000001,0.61,0,0,0,3,0,0.005
USR_354,24,Diploma,Employed,9761,2,b4265c1c-bf17-424e-95d7-a66a701e08ae,26,owner,0,0.33,cert,2147,0.59,0.15,15,0.75,0.22,0.45,1,0,0,1,1,0.0
USR_355,25,High School,Student,3628,1,29724887-2734-4a0e-8053-6e5ac5f8f03c,45,owner,0,0.36,highschool,1668,0.72,0.2,30,0.9500000000000001,0.54,0.2,0,0,0,2,3,0.202
USR_356,21,PhD,Self-Employed,8255,3,f3440572-9151-4286-8be3-44c1473035c7,59,owner,0,0.91,phd,1816,0.71,0.11,120,0.91,0.65,0.65,0,0,0,0,3,0.004
USR_357,24,High School,Employed,9511,1,ba85e629-2d50-4741-90c9-d2d0df8a07d0,40,rent,4,0.9,highschool,3328,0.34,0.15,360,0.58,0.41000000000000003,0.6000000000000001,0,0,0,3,1,0.0
USR_358,24,Bachelor's,Employed,5929,1,bb1264ce-bcdd-47e9-9c74-f24cf8dfbd40,39,none,0,0.9,bachelor,2312,0.35000000000000003,0.2,120,0.76,0.52,0.19,0,0,0,1,2,0.01
USR_359,22,Bachelor's,Self-Employed,10583,3,a2d67809-5ae3-4741-b2ad-a76b08a1dd86,42,rent,10,0.58,bachelor,3069,0.53,0.28,30,0.8300000000000001,0.26,0.44,1,0,0,1,3,0.012
USR_360,21,Diploma,Employed,2334,1,e96ae63c-3229-4640-8084-6e2530e51e96,12,rent,18,0.88,cert,1003,0.36,0.26,120,0.99,0.64,0.59,0,0,0,3,3,0.20400000000000001
USR_361,20,PhD,Self-Employed,10467,1,bbb01373-8aec-4175-9a71-b00a1b8db442,5,none,0,0.72,phd,4082,0.65,0.25,45,0.5700000000000001,0.15,0.52,0,0,0,2,2,0.003
USR_362,23,High School,Self-Employed,8671,1,9436eb1e-78e4-457a-b4a0-c41fe2a9ba2f,5,none,0,0.76,none,2601,0.75,0.26,30,0.93,0.47000000000000003,0.14,0,0,0,0,2,0.0
USR_363,22,Master's,Employed,8951,2,841f0569-a0be-4e65-8a1d-b900538d20d0,5,rent,0,0.49,master,4117,0.71,0.09,120,0.92,0.71,0.09,0,1,0,1,0,0.002
USR_364,26,PhD,Student,4587,3,9fd6b108-e6c1-4012-ba8c-b07bccd95b14,6,owner,0,0.41000000000000003,phd,3486,0.61,0.21,240,0.93,0.55,0.56,0,0,0,0,1,0.023
USR_365,25,High School,Employed,2563,1,d9896d93-4424-4b6b-aa64-6f3396ffea37,57,rent,2,0.8300000000000001,highschool,1025,0.37,0.21,60,0.7000000000000001,0.34,0.17,0,0,0,0,3,0.215
USR_366,23,Diploma,Employed,8857,3,49fa0b4b-4440-4455-a2de-04957e68977d,32,none,0,0.62,cert,2657,0.7000000000000001,0.05,360,0.85,0.34,0.19,0,0,0,3,2,0.002
USR_367,25,High School,Student,2624,1,06a2aa6e-e61b-4693-8dd1-a41ae7d45787,37,owner,0,0.66,none,2204,0.6000000000000001,0.22,240,0.96,0.29,0.77,0,0,0,3,0,0.20600000000000002
USR_368,20,Master's,Employed,2385,2,530a4b7c-8d93-4463-aeed-a86d6b639eac,31,owner,0,0.41000000000000003,master,1550,0.46,0.14,90,0.8300000000000001,0.67,0.36,0,0,0,1,0,0.20500000000000002
USR_369,26,PhD,Employed,5874,1,ac21024d-f81b-43b9-b27e-15d314cad797,40,rent,5,0.56,phd,4053,0.68,0.04,30,0.79,0.22,0.37,0,0,0,1,2,0.31
USR_370,23,PhD,Employed,9585,2,880dd0d8-776f-4f17-a5ed-5a5641e94865,44,none,0,0.81,phd,4696,0.72,0.05,90,0.58,0.12,0.61,0,0,0,0,3,0.008
USR_371,22,PhD,Employed,10089,1,40fb1541-0d4e-4829-b574-afa05321d863,46,owner,0,0.71,phd,6456,0.64,0.26,30,0.92,0.22,0.46,0,0,0,3,1,0.002
USR_372,21,PhD,Student,3775,3,f790daac-4840-40c3-9289-fd8c9c12a148,32,owner,0,0.38,phd,1396,0.5700000000000001,0.12,360,0.72,0.61,0.44,0,0,0,3,3,0.5
USR_373,22,High School,Employed,6001,2,78f085da-4bab-42fc-8991-011092ccb9b2,39,rent,15,0.93,highschool,3240,0.84,0.28,60,0.73,0.58,0.1,0,0,0,0,2,0.0
USR_374,23,Diploma,Employed,7368,2,c0addbbc-744a-4004-bf3b-7c470d6750e5,46,owner,0,0.31,cert,5231,0.44,0.03,180,0.8,0.43,0.39,0,0,0,3,2,0.0
USR_375,26,High School,Employed,7848,3,992b7c4f-30e2-407e-ae84-494dc605c0cd,20,none,0,0.34,highschool,2589,0.68,0.23,30,0.8300000000000001,0.28,0.51,0,0,0,1,0,0.001
USR_376,26,High School,Employed,2498,2,05f698d6-bbd3-452a-9243-807a643059d3,13,owner,0,0.71,highschool,1798,0.33,0.18,240,0.96,0.42,0.05,0,0,0,1,3,0.21
USR_377,24,Master's,Employed,6685,3,dd7d3de0-55e5-4105-a484-85299e71a80b,1,none,0,0.63,master,3075,0.51,0.18,180,0.6000000000000001,0.52,0.27,0,0,0,2,2,0.307
USR_378,21,PhD,Employed,10324,1,7aec8425-6272-4b58-8d67-a73b4cf49f8e,41,rent,23,0.64,phd,4026,0.61,0.1,15,0.8300000000000001,0.46,0.19,0,0,0,0,0,0.307
USR_379,20,High School,Employed,5055,1,f4e598ab-f9a2-4d10-8a64-dcc46302c253,12,none,0,0.81,highschool,2729,0.78,0.11,0,0.65,0.18,0.59,0,0,0,1,3,0.002
USR_380,20,Master's,Employed,9032,3,bacf7f5e-8b3b-4eb5-b9a1-c899660ea01f,4,rent,23,0.33,master,7586,0.77,0.18,360,0.73,0.5,0.23,0,0,0,3,2,0.301
USR_381,20,High School,Employed,9418,1,b5f59963-139c-4140-8fc3-9224731c84ba,20,none,0,0.56,none,6592,0.5700000000000001,0.1,120,0.84,0.6000000000000001,0.52,0,0,0,1,3,0.001
USR_382,26,High School,Employed,6212,3,5e5f8b33-9a33-41f8-9367-159e0dac67b1,15,none,0,0.85,none,4286,0.33,0.13,120,0.98,0.73,0.25,0,1,0,1,3,0.018000000000000002
USR_383,25,High School,Employed,4649,1,8cc9e4b7-fbc4-43ee-a371-43ac17793950,44,rent,0,0.41000000000000003,none,2463,0.54,0.16,360,0.96,0.29,0.48,0,0,0,2,3,0.01
USR_384,24,PhD,Employed,9277,3,229ad7fb-f2bc-4058-824d-7246689ba4f9,53,none,0,0.61,phd,4824,0.71,0.26,60,0.89,0.41000000000000003,0.5,0,0,0,2,2,0.008
USR_385,25,High School,Employed,5775,1,2994e9a5-f4f0-445f-ae2e-68c0adfc46b2,56,owner,0,0.88,none,3176,0.49,0.19,240,0.88,0.37,0.02,0,0,0,1,0,0.005
USR_386,24,Diploma,Self-Employed,10787,2,4405531f-21c0-437c-88c8-89833d487750,31,rent,16,0.55,cert,3451,0.39,0.24,360,0.85,0.13,0.59,0,0,0,3,1,0.001
USR_387,23,Bachelor's,Student,3499,2,3e2ab3de-2bd3-4876-811f-f76469786c13,19,none,0,0.97,bachelor,1994,0.43,0.14,0,0.96,0.33,0.78,0,0,0,1,2,0.201
USR_388,22,Diploma,Self-Employed,4970,1,d1ef2342-5dee-4d95-8056-198098807620,16,none,0,0.91,cert,4224,0.72,0.21,60,0.73,0.52,0.30000000000000004,0,0,0,0,2,0.0
USR_389,21,Diploma,Student,5173,3,9f8f95b3-9e58-4f79-986f-4277911f866a,2,none,0,0.54,cert,3362,0.6900000000000001,0.28,240,0.8300000000000001,0.42,0.23,0,0,0,1,1,0.0531
USR_390,25,PhD,Employed,5483,1,dffad2ac-afd3-46eb-bd86-1a556c619fb7,26,rent,23,0.73,phd,1644,0.32,0.06,360,0.75,0.72,0.6000000000000001,0,0,0,1,3,0.0
USR_391,23,Master's,Employed,10959,2,f8679044-6654-4a3f-b470-cc1aa0680b22,48,none,0,0.87,master,2958,0.78,0.07,90,0.64,0.13,0.54,0,0,0,3,3,0.30000000000000004
USR_392,26,Master's,Self-Employed,7080,2,20841cda-7ca5-41c3-84e2-46239b0c6833,3,owner,0,0.61,master,4389,0.64,0.19,90,0.56,0.24,0.79,0,0,0,3,1,0.001
USR_393,24,High School,Employed,7029,1,c5b9cf2e-236a-4af5-be20-15bbea936d96,10,owner,0,0.68,highschool,4639,0.59,0.19,90,0.96,0.44,0.8,0,0,0,2,1,0.01
USR_394,20,Diploma,Employed,10214,3,79df3f43-233c-400f-84c8-46c57454cd57,32,none,0,0.88,cert,6843,0.59,0.1,360,0.72,0.52,0.55,0,0,0,3,0,0.002
USR_395,26,PhD,Self-Employed,4664,3,4c3ba91b-4108-4454-8a8f-a21d967054b6,46,owner,0,0.67,phd,2658,0.44,0.2,30,0.8,0.44,0.6000000000000001,0,0,0,3,0,0.002
USR_396,25,High School,Employed,6722,2,4dd93dda-4998-44ba-be0f-25a8726ea575,3,rent,20,0.77,highschool,4638,0.52,0.1,30,0.89,0.38,0.68,0,0,0,0,3,0.0
USR_397,22,PhD,Employed,5255,1,284c1817-7649-4024-9123-6cb5fcbafc7b,47,owner,0,0.91,phd,1786,0.44,0.19,30,0.9,0.13,0.06,0,0,0,3,2,0.001
USR_398,20,Master's,Self-Employed,5264,1,248a259d-24ae-4c19-9c4b-6d6b64fc9501,36,owner,0,0.93,master,1842,0.78,0.27,180,0.67,0.7000000000000001,0.55,0,0,0,1,2,0.301
USR_399,25,Diploma,Employed,2342,1,6590209e-735b-4f1e-942c-003520d965dc,26,rent,21,0.96,cert,2060,0.63,0.12,360,0.78,0.16,0.39,0,0,0,0,2,0.201
USR_400,21,Bachelor's,Employed,4313,1,a3ae23ff-acd9-494a-8f30-c1c147e096a5,19,none,0,0.39,bachelor,3234,0.42,0.12,60,0.9,0.08,0.28,0,0,0,2,1,0.040100000000000004
USR_401,23,Diploma,Employed,4365,1,99afd702-be4d-4570-a46f-04e712e97b9d,26,none,0,0.9400000000000001,cert,2575,0.6900000000000001,0.23,30,0.64,0.63,0.23,0,0,0,2,3,0.0291
USR_402,23,Diploma,Employed,5078,2,f96116a1-3968-4778-a87c-e47da46d2a05,41,rent,3,0.4,cert,3199,0.36,0.14,60,0.6000000000000001,0.1,0.46,0,0,0,1,0,0.004
USR_403,21,PhD,Employed,4175,1,025dc5f9-5426-45b6-9112-c3cd64e3b4f8,56,none,0,0.61,phd,2922,0.66,0.25,45,0.67,0.35000000000000003,0.19,0,0,0,2,2,0.014
USR_404,26,PhD,Student,3641,1,16d629ce-44b3-4d63-bbb6-7fb911b8107b,0,owner,0,0.88,phd,1237,0.52,0.21,15,0.81,0.23,0.65,0,0,0,3,1,0.001
USR_405,21,Bachelor's,Employed,4683,1,889ba2f0-fb04-42a3-983b-acbe17af774e,11,owner,0,0.73,bachelor,1311,0.67,0.18,0,0.93,0.7000000000000001,0.8,0,0,0,0,2,0.027100000000000003
USR_406,25,PhD,Student,3196,2,b404522c-cdbe-4c92-8a09-a4939db8935f,44,none,0,0.42,phd,1502,0.63,0.27,240,0.9500000000000001,0.34,0.49,0,0,0,2,2,0.2
USR_407,20,Diploma,Employed,9551,3,35191d10-a86f-4f5a-a17e-6ccdc72a939d,45,none,0,0.56,cert,5062,0.39,0.08,120,0.89,0.06,0.22,0,0,0,1,0,0.001
USR_408,21,PhD,Employed,11672,1,35816c4a-49fd-4733-bbd7-19fa664a81f5,34,rent,12,0.71,phd,4318,0.39,0.16,15,0.7000000000000001,0.62,0.47000000000000003,0,0,0,1,1,0.30000000000000004
USR_409,26,High School,Employed,7525,3,8ada2ee9-eb23-4e7f-9228-8d570fe0d51a,56,owner,0,0.55,none,5794,0.31,0.29,360,0.5700000000000001,0.5700000000000001,0.64,0,0,0,2,3,0.001
USR_410,24,High School,Employed,10126,1,2e7aa31c-3d69-4127-8f6a-56739cffa126,4,rent,3,0.66,highschool,2328,0.49,0.23,30,0.8200000000000001,0.16,0.14,0,0,0,3,0,0.002
USR_411,24,PhD,Student,2613,3,b0d22b83-9df9-4dc0-8923-124f1f616a0c,26,owner,0,0.89,phd,1829,0.31,0.16,90,0.58,0.5,0.75,0,0,1,0,0,0.202
USR_412,24,Diploma,Employed,10867,2,ffb75a5e-bbb1-494d-80e5-cbe7cb3c8a6c,19,owner,0,0.37,cert,6302,0.5700000000000001,0.04,0,0.74,0.26,0.53,0,0,0,2,0,0.0
USR_413,20,High School,Employed,10030,2,d39bec61-9702-423e-bf14-314d4184efa6,29,rent,6,0.63,none,7823,0.52,0.05,240,1.0,0.73,0.67,0,0,0,0,3,0.001
USR_414,22,High School,Employed,6021,2,021ca652-019c-4120-9148-3489bc8ced2e,13,rent,0,0.84,none,5057,0.58,0.18,360,0.62,0.08,0.28,0,0,0,1,2,0.012
USR_415,20,PhD,Employed,7114,1,84db8be2-dbbe-4eb4-b391-efa4d722e1e1,3,owner,0,0.4,phd,3485,0.61,0.27,180,0.61,0.65,0.14,0,0,0,2,0,0.30000000000000004
USR_416,22,Master's,Employed,6643,1,9abe43e1-6cc1-480e-8f61-9d1bba0a180e,46,rent,0,0.34,master,4118,0.78,0.27,120,0.9500000000000001,0.52,0.71,0,0,0,1,0,0.001
USR_417,24,PhD,Student,2533,3,a072559a-662f-42cb-920d-d71c4a2fa95e,44,rent,20,0.43,phd,1773,0.8200000000000001,0.03,45,0.5700000000000001,0.19,0.03,0,0,0,3,2,0.203
USR_418,23,Diploma,Self-Employed,9209,3,2e2d8eaf-196f-4c22-92ac-c0f530b22c2f,29,rent,21,0.75,cert,3315,0.42,0.26,360,0.67,0.30000000000000004,0.15,0,0,0,2,3,0.0
USR_419,25,PhD,Self-Employed,11982,2,cd15c180-a81f-4c77-8854-7eed68a1c50b,44,rent,22,0.39,phd,4672,0.55,0.09,30,0.8200000000000001,0.08,0.14,0,0,0,2,2,0.304
USR_420,23,Diploma,Student,3588,3,215a45e7-8651-4e24-9650-d63236b865b6,53,rent,18,0.6900000000000001,cert,825,0.5,0.28,0,0.9500000000000001,0.2,0.2,0,0,0,3,1,0.202
USR_421,23,PhD,Employed,5753,3,da8c15b4-9e06-4556-915f-bf6cf33ba9b4,37,owner,0,0.8200000000000001,phd,4890,0.77,0.27,60,0.64,0.52,0.79,0,0,0,3,0,0.3261
USR_422,25,High School,Employed,9067,1,28fde7bc-86c8-45aa-9a34-a0a826fb664f,1,owner,0,0.75,none,4261,0.71,0.26,120,0.5700000000000001,0.23,0.5700000000000001,0,0,0,3,0,0.002
USR_423,21,High School,Employed,5511,1,4c14e26f-6ffb-457e-90a7-bd7dd8c8cf29,9,none,0,0.86,highschool,1763,0.47000000000000003,0.27,240,0.75,0.14,0.38,0,0,1,3,1,0.002
USR_424,25,Bachelor's,Employed,8996,3,28f89494-8332-4ff8-9e8c-388db83567ed,11,rent,19,0.64,bachelor,7376,0.54,0.24,360,0.88,0.32,0.25,0,0,0,0,0,0.001
USR_425,25,Master's,Employed,2414,2,cc943210-d350-4693-a355-094512f0d37d,39,none,0,0.6000000000000001,master,1424,0.46,0.13,15,0.8300000000000001,0.34,0.6900000000000001,0,0,0,3,3,0.504
USR_426,21,High School,Employed,10321,2,5f39e415-1a17-4571-bb05-05b207e45eda,2,none,0,0.61,highschool,7018,0.8200000000000001,0.23,45,0.71,0.1,0.53,0,0,0,2,2,0.006
USR_427,20,Diploma,Employed,4882,1,24ee2af8-4ac1-4fde-a361-5ad6e59a0743,34,rent,15,0.8200000000000001,cert,1415,0.41000000000000003,0.14,180,0.62,0.45,0.25,0,0,0,1,0,0.017
USR_428,22,High School,Employed,10191,3,cbaf58cc-2ce8-4d11-8805-8e28e275b9b2,18,owner,0,0.97,highschool,5401,0.61,0.23,0,0.6000000000000001,0.29,0.19,0,0,0,0,2,0.002
USR_429,25,Diploma,Employed,10485,2,59c55819-0808-4735-a09a-6ededd939e85,10,rent,3,0.37,cert,2516,0.72,0.17,15,0.6000000000000001,0.48,0.07,0,0,0,2,3,0.006
USR_430,22,Master's,Self-Employed,6668,3,76dfcebe-090b-4bb6-93ce-7ef193b78dc8,53,owner,0,0.46,master,3200,0.34,0.28,360,0.9400000000000001,0.27,0.52,0,0,0,2,1,0.0
USR_431,25,High School,Employed,4444,1,4b472c21-4e29-4588-adfa-fb46dd18c4f0,32,owner,0,0.38,highschool,3866,0.45,0.08,360,0.75,0.61,0.49,0,0,0,0,2,0.012
USR_432,26,Master's,Employed,6875,2,473347d7-1d98-4465-9e25-39225d45d449,45,rent,17,0.81,master,3781,0.51,0.15,60,0.86,0.64,0.18,0,0,0,0,3,0.302
USR_433,23,High School,Self-Employed,7971,1,585d6035-cf4a-45e1-9f19-df6051e46c1a,39,none,0,0.55,none,6057,0.35000000000000003,0.06,45,0.6000000000000001,0.06,0.78,0,0,0,1,3,0.001
USR_434,21,Bachelor's,Student,2715,3,b7c1ee00-ff16-47d9-a5ed-5d9d6f3da76d,49,rent,18,0.35000000000000003,bachelor,1384,0.67,0.12,240,0.84,0.18,0.77,0,0,0,1,2,0.202
USR_435,24,PhD,Student,2472,2,18cfe814-ea06-45ce-aab5-24d5574c11b5,39,owner,0,0.85,phd,1483,0.59,0.19,30,0.7000000000000001,0.54,0.23,0,0,0,0,1,0.212
USR_436,23,High School,Employed,10724,3,4101ebb9-6bb2-4923-906b-ce23601c4dd5,20,owner,0,0.31,highschool,9651,0.34,0.08,60,0.61,0.29,0.06,0,0,0,2,0,0.0
USR_437,26,Bachelor's,Employed,2611,2,fc69beae-9d87-4680-980b-f7aed433a840,40,owner,0,0.78,bachelor,1096,0.58,0.11,0,0.6000000000000001,0.28,0.32,0,0,0,1,2,0.213
USR_438,25,High School,Employed,6449,1,5d8b2139-c888-42eb-83fb-dc4874bdee46,56,none,0,0.68,none,3482,0.74,0.21,60,0.75,0.53,0.13,0,0,0,1,2,0.013000000000000001
USR_439,23,Diploma,Employed,2460,2,47743b06-c13a-4154-b425-b90a773359d6,26,rent,15,0.45,cert,787,0.30000000000000004,0.13,180,0.68,0.54,0.58,0,0,0,1,2,0.20400000000000001
USR_440,24,Diploma,Student,4805,3,1f36a4e6-6492-415b-a5ba-659df0687ab1,3,none,0,0.30000000000000004,cert,4084,0.51,0.09,15,0.56,0.07,0.01,0,0,0,1,1,0.0471
USR_441,21,Master's,Employed,10257,1,79eaa027-b71d-4834-8237-ebea9269be86,24,owner,0,0.96,master,4820,0.56,0.11,180,0.84,0.26,0.14,0,0,0,3,0,0.002
USR_442,20,Diploma,Employed,9437,3,81a1f212-4dc6-45b7-afd6-0cfef8c438e4,12,rent,6,0.9400000000000001,cert,6889,0.78,0.25,240,0.91,0.1,0.5700000000000001,0,0,0,0,1,0.003
USR_443,22,Bachelor's,Employed,10933,1,914bb0d9-a9d5-4664-94fd-1635a55c282a,6,none,0,0.32,bachelor,7325,0.8300000000000001,0.13,45,0.58,0.53,0.5,0,0,0,0,0,0.014
USR_444,26,Master's,Employed,5406,1,e38c2fc3-e3ec-4d59-8862-44f03ff8aa92,7,rent,7,0.51,master,2648,0.74,0.15,15,0.93,0.4,0.43,0,0,0,2,3,0.302
USR_445,25,High School,Employed,2536,1,ad655aa9-4108-47b0-abea-f63b309eb04a,34,owner,0,0.75,highschool,1851,0.62,0.22,15,0.71,0.4,0.23,0,0,0,3,3,0.20700000000000002
USR_446,20,Bachelor's,Employed,5522,3,4150ae62-2593-4ea5-9ff0-bd2d709e585c,29,rent,23,0.71,bachelor,4307,0.35000000000000003,0.27,45,0.89,0.45,0.53,0,0,0,3,1,0.01
USR_447,26,High School,Student,2658,1,3b3d95f4-d8ba-4685-aac9-33a08fe0fe29,45,none,0,0.30000000000000004,none,1249,0.68,0.17,60,0.74,0.24,0.76,0,0,0,0,2,0.2
USR_448,24,High School,Employed,9370,1,41ba42b5-431f-4bbd-abc4-0f84c1bb8b31,45,owner,0,0.8300000000000001,highschool,5715,0.8200000000000001,0.22,240,0.68,0.64,0.65,0,0,0,1,2,0.003
USR_449,22,PhD,Student,2763,2,258fb310-81c4-4f96-9b0f-0264f9a1ec59,32,owner,0,0.61,phd,1547,0.45,0.06,30,0.71,0.55,0.09,0,0,0,3,3,0.201
USR_450,26,High School,Employed,4865,2,0a60798c-3912-44f3-a73d-dedec3a5edc3,10,rent,16,0.61,none,3405,0.5700000000000001,0.27,180,0.91,0.37,0.41000000000000003,0,0,0,2,0,0.007
USR_451,22,Bachelor's,Employed,11573,3,6b269f67-8973-4d6d-9ba1-b0734e8b14da,22,rent,1,0.81,bachelor,10415,0.45,0.29,0,0.58,0.5,0.29,0,0,0,1,3,0.005
USR_452,26,High School,Employed,9986,3,9e865f03-ab7f-45b1-9c8b-42f4cbdade8f,49,rent,7,0.42,none,5292,0.61,0.28,15,0.76,0.61,0.53,0,0,0,3,3,0.002
USR_453,26,Master's,Self-Employed,11745,2,0ed1890e-0c90-4dad-bf40-6baec419a208,49,none,0,0.73,master,5989,0.37,0.29,0,0.72,0.67,0.55,0,0,0,0,2,0.001
USR_454,20,High School,Employed,8314,1,41adc306-9610-444f-93bd-8d4422005e30,29,none,0,0.34,highschool,6484,0.74,0.04,360,0.67,0.08,0.06,0,0,0,0,0,0.002
USR_455,20,Master's,Employed,7350,3,aeba083a-86ea-4b6c-9c40-d9ac64f60090,40,rent,11,0.48,master,5512,0.49,0.23,15,0.9,0.56,0.27,0,0,0,1,3,0.306
USR_456,24,Diploma,Student,2961,3,6c0be082-7c01-433e-af20-212975d36b31,25,rent,5,0.47000000000000003,cert,621,0.41000000000000003,0.13,120,0.68,0.58,0.52,0,0,0,2,1,0.20700000000000002
USR_457,22,Bachelor's,Employed,2584,2,7806998e-dd15-42ad-ae93-ed7fc9bc8860,13,none,0,0.78,bachelor,2273,0.45,0.03,120,0.8300000000000001,0.64,0.46,0,0,0,2,2,0.209
USR_458,26,High School,Employed,10722,1,14ae3c83-f0e5-4bae-8571-4b0d69b17d40,32,none,0,0.67,none,4396,0.75,0.12,15,0.99,0.46,0.64,0,0,1,2,1,0.003
USR_459,23,Bachelor's,Employed,7889,2,cf9ced21-dd90-46bd-87d5-aeefb6f81147,30,owner,0,0.96,bachelor,6311,0.8200000000000001,0.14,240,0.91,0.68,0.39,0,0,0,3,1,0.009000000000000001
USR_460,21,High School,Employed,7031,1,2de5bd51-7abf-41b8-b4e8-4d604c0f1039,10,none,0,0.74,highschool,5554,0.61,0.25,0,0.59,0.71,0.62,0,0,0,0,3,0.008
USR_461,26,High School,Employed,8626,2,91c42ceb-b8fc-43f0-918d-a8cbf579343b,40,none,0,0.75,highschool,4916,0.65,0.11,90,0.77,0.21,0.07,0,0,0,0,0,0.0
USR_462,25,Bachelor's,Employed,5334,1,2fc8776c-9d5f-4c71-be79-3044199dfab4,14,rent,7,0.34,bachelor,1226,0.41000000000000003,0.27,90,0.72,0.6900000000000001,0.71,0,0,0,2,2,0.0
USR_463,25,Diploma,Employed,10506,2,10512ec7-9cb9-4c73-b69d-138cdad1c750,49,rent,18,0.8200000000000001,cert,5883,0.61,0.1,240,0.92,0.31,0.66,0,0,0,3,0,0.004
USR_464,21,High School,Employed,9746,1,d355a089-1f88-4f5a-8561-cdbf3d5f562f,57,none,0,0.72,highschool,7114,0.35000000000000003,0.2,360,0.79,0.05,0.75,0,0,0,0,3,0.003
USR_465,23,High School,Employed,2572,2,73f34085-507e-41ed-96d3-c4936ce7c230,49,none,0,0.67,none,900,0.65,0.08,120,0.93,0.19,0.66,0,0,0,0,1,0.20700000000000002
USR_466,25,Diploma,Student,1634,2,257fabbc-ab54-4843-b4bf-2873a4150690,6,rent,8,0.39,cert,588,0.38,0.16,90,0.74,0.6000000000000001,0.4,0,0,0,1,0,0.0531
USR_467,25,Diploma,Employed,7654,3,c312882d-1aec-45c0-a275-10d92f15e444,57,rent,14,0.91,cert,1990,0.8300000000000001,0.26,30,0.84,0.29,0.14,0,0,0,1,0,0.001
USR_468,23,Diploma,Employed,11614,2,c1e2ec51-62c8-4be4-9e2a-bd033a76310d,37,owner,0,0.54,cert,3716,0.67,0.24,360,0.8200000000000001,0.52,0.25,0,0,0,1,3,0.004
USR_469,22,Master's,Employed,4807,1,bb6abe0b-fba3-468a-b227-7d2abfc1a0da,41,rent,10,0.87,master,2451,0.53,0.24,45,0.93,0.38,0.23,0,0,0,3,2,0.001
USR_470,22,High School,Employed,5923,2,b684df1a-d138-4331-ac66-fa717b11c0e0,19,rent,21,0.37,highschool,3790,0.6900000000000001,0.14,15,0.78,0.48,0.23,0,0,0,2,1,0.006
USR_471,21,PhD,Employed,2448,1,d56335d7-32d9-46b4-a23f-e4734392e693,44,rent,23,0.97,phd,905,0.81,0.05,360,0.8200000000000001,0.27,0.59,0,0,0,0,1,0.201
USR_472,25,High School,Student,3197,3,0e57278d-cb24-4517-9c4d-7caec0704b21,42,none,0,0.51,none,2749,0.37,0.05,15,0.88,0.16,0.23,0,0,0,2,3,0.201
USR_473,26,High School,Employed,4915,2,f7c52273-4d0b-49dd-b86c-c29d6c5a18a4,29,none,0,0.84,highschool,2604,0.67,0.11,90,0.62,0.56,0.6000000000000001,0,0,0,2,1,0.0
USR_474,24,High School,Student,2843,2,a4c21ceb-16fc-4368-a9e7-d2947c279529,35,owner,0,0.42,highschool,2245,0.77,0.06,240,0.64,0.56,0.5,0,0,0,0,3,0.2
USR_475,26,Master's,Employed,5772,2,cd98373c-21bb-4473-9171-6d91ffbdb1c3,8,rent,10,0.96,master,2712,0.55,0.09,90,0.6900000000000001,0.56,0.01,0,0,0,3,2,0.0
USR_476,24,Diploma,Employed,11402,3,4b3d8083-48f2-43fd-89fa-3cc629f328c9,8,none,0,0.86,cert,9691,0.64,0.15,120,0.8,0.37,0.28,0,0,0,1,2,0.0
USR_477,23,Master's,Employed,6707,3,7257dda8-f5c9-438e-b641-6a43edc43c7a,50,none,0,0.6900000000000001,master,3822,0.8300000000000001,0.17,240,0.62,0.43,0.32,0,0,0,2,2,0.001
USR_478,26,Master's,Employed,10772,3,d6bbdee3-48ad-402f-9378-00214cbcae27,53,none,0,0.58,master,8725,0.73,0.29,360,0.89,0.63,0.72,0,0,0,1,1,0.0
USR_479,25,Diploma,Employed,7450,1,801c55da-c756-493a-91c4-b9c471e4994f,38,none,0,0.58,cert,5364,0.59,0.15,30,0.63,0.07,0.58,0,0,0,0,1,0.004
USR_480,24,High School,Student,8325,1,d5fdb980-f5cc-4481-8d43-82a95fc094a3,0,none,0,0.55,highschool,2747,0.67,0.17,90,0.58,0.42,0.41000000000000003,0,0,0,3,0,0.20040000000000002
USR_481,21,Master's,Employed,11635,2,35a2cf3f-bd12-4d3d-b421-fff1cec10478,43,none,0,0.76,master,4770,0.44,0.04,60,0.62,0.55,0.51,0,0,0,0,2,0.002
USR_482,24,Bachelor's,Employed,11516,3,130379d7-74ff-48e1-b2ee-b24d18e74f6c,11,none,0,0.5700000000000001,bachelor,2533,0.68,0.25,30,0.77,0.39,0.71,0,0,0,0,1,0.005
USR_483,23,Bachelor's,Employed,9531,3,cc8e6fb1-febf-4492-b93e-45f50dafcb6e,27,none,0,1.0,bachelor,4288,0.4,0.29,120,0.56,0.21,0.79,0,0,0,0,3,0.0
USR_484,21,Bachelor's,Self-Employed,11722,3,894db76e-021e-4034-bd05-0e2e7600360c,13,rent,7,0.35000000000000003,bachelor,5392,0.34,0.08,60,0.9,0.4,0.79,0,0,0,1,2,0.004
USR_485,26,Diploma,Self-Employed,9050,1,cffae102-0a27-4d7d-a412-6ae037871687,48,rent,23,0.75,cert,2896,0.74,0.07,240,0.77,0.6900000000000001,0.43,0,0,0,0,0,0.0
USR_486,21,PhD,Student,3425,1,ca5e5b46-3792-43f4-aef2-02214d73f6b8,26,owner,0,0.6900000000000001,phd,3048,0.84,0.19,240,0.78,0.37,0.5,0,0,0,1,3,0.2
USR_487,23,High School,Employed,5195,3,5ccfad9f-fb3e-4c01-aeed-fac1458e649f,53,rent,18,0.76,none,1610,0.34,0.26,60,0.56,0.23,0.08,0,0,0,0,0,0.0
USR_488,24,Bachelor's,Student,3983,1,a409be7a-c708-49b5-8f90-58b1b1ae4788,59,owner,0,0.77,bachelor,2748,0.8,0.18,240,0.87,0.59,0.38,0,0,0,0,1,0.202
USR_489,23,Bachelor's,Employed,10814,2,4249a8ea-2b21-439d-9c59-7c25767c30b8,43,rent,7,0.67,bachelor,2487,0.34,0.03,15,0.78,0.34,0.37,0,0,0,0,0,0.030100000000000002
USR_490,25,Bachelor's,Self-Employed,4671,1,44795b6a-6aa1-4eb8-b123-c136e7fd72e6,56,none,0,0.46,bachelor,934,0.31,0.2,15,0.88,0.2,0.49,0,0,0,1,0,0.006
USR_491,23,High School,Employed,7501,3,76a9693f-e261-48f2-8588-ef9284153f41,2,owner,0,0.35000000000000003,none,3375,0.8200000000000001,0.03,30,0.86,0.71,0.30000000000000004,0,0,0,3,2,0.003
USR_492,24,Bachelor's,Employed,9098,2,f0f5fa88-b670-4065-b790-0c812bc71138,50,rent,11,0.48,bachelor,7278,0.56,0.26,360,0.81,0.48,0.38,0,0,0,2,3,0.0
USR_493,20,High School,Student,3950,3,6d21cfd3-757e-41be-aacb-b37cf2c6c9c3,33,owner,0,0.52,highschool,1698,0.68,0.06,120,0.99,0.58,0.46,0,0,0,1,1,0.201
USR_494,25,High School,Employed,6939,2,78b82753-49f4-4088-9fa0-57868e203804,2,owner,0,0.65,highschool,5620,0.78,0.14,240,0.96,0.06,0.12,0,0,1,2,3,0.009000000000000001
USR_495,21,High School,Employed,9157,2,53145b9b-08f1-4d77-9a52-2b0e907f8889,21,owner,0,0.77,none,5677,0.48,0.18,90,0.8300000000000001,0.34,0.13,0,0,0,0,1,0.022
USR_496,21,Master's,Employed,8769,3,3cedd6a1-7cee-423d-a15c-abd3c96e1436,6,none,0,0.79,master,2806,0.46,0.03,90,0.91,0.26,0.30000000000000004,0,0,0,1,1,0.30000000000000004
USR_497,25,High School,Employed,11518,3,cd8ddceb-ae8b-401b-a240-f3e044a5c9dd,26,none,0,0.44,highschool,9675,0.78,0.23,0,0.87,0.41000000000000003,0.45,0,0,0,1,3,0.0
USR_498,22,PhD,Employed,9567,2,eb588100-179f-49a3-a4d5-65981f99aa26,44,owner,0,0.33,phd,2870,0.6900000000000001,0.22,15,0.66,0.19,0.1,0,0,0,1,2,0.009000000000000001
USR_499,22,PhD,Employed,11264,3,60979d4c-8587-44fb-b73d-421f0c94d030,52,owner,0,0.53,phd,2252,0.77,0.06,30,0.79,0.61,0.09,0,0,0,1,2,0.007
USR_500,20,Bachelor's,Employed,5369,1,49d97787-ef31-4ef1-9691-29b5d0018500,42,rent,11,0.87,bachelor,2899,0.74,0.26,90,0.99,0.73,0.48,0,0,0,3,3,0.019
