user_id,applicant_id,final_credit_score,risk_tier,eligible_product_count,eligible_product_ids,eligible_products,highest_eligible_product_id,highest_eligible_product,next_product_id,next_product,points_needed_for_next_product
USR_001,8a0d6320-e982-445b-afa8-bb9e0054aca9,635,Sub-Prime / Fair,2,P_02|P_01,Micro-Loan Lite|Starter Credit Card,P_02,Micro-Loan Lite,P_03,Standard Credit Card,15.0
USR_002,111ff86d-d582-4503-baac-78ebb7932c94,665,Near-Prime / Medium Risk,3,P_03|P_02|P_01,Standard Credit Card|Micro-Loan Lite|Starter Credit Card,P_03,Standard Credit Card,P_04,Premium Personal Loan,85.0
USR_003,7c627e33-83a1-47ed-9f82-5cc5098adc8b,490,High Risk / Poor,1,P_01,Starter Credit Card,P_01,Starter Credit Card,P_02,Micro-Loan Lite,60.0
USR_004,5a62e11b-2852-4cce-a706-45dc8621733c,465,High Risk / Poor,1,P_01,Starter Credit Card,P_01,Starter Credit Card,P_02,Micro-Loan Lite,85.0
USR_005,89f14918-71e6-43df-985d-06a6a87fde02,610,Sub-Prime / Fair,2,P_02|P_01,Micro-Loan Lite|Starter Credit Card,P_02,Micro-Loan Lite,P_03,Standard Credit Card,40.0
USR_006,33d6b56a-f5ed-4c1d-b44e-51245c8c07a4,505,High Risk / Poor,1,P_01,Starter Credit Card,P_01,Starter Credit Card,P_02,Micro-Loan Lite,45.0
USR_007,f4bf2d55-a2a2-4722-9ba4-07eb9937e2b0,630,Sub-Prime / Fair,2,P_02|P_01,Micro-Loan Lite|Starter Credit Card,P_02,Micro-Loan Lite,P_03,Standard Credit Card,20.0
USR_008,a2b042c5-1053-45e1-b1c8-7afe904f2d7b,825,Prime / Low Risk,4,P_04|P_03|P_02|P_01,Premium Personal Loan|Standard Credit Card|Micro-Loan Lite|Starter Credit Card,P_04,Premium Personal Loan,,,0
USR_009,1aaab24a-21a1-4451-a9a8-a1eef5fa5a66,710,Near-Prime / Medium Risk,3,P_03|P_02|P_01,Standard Credit Card|Micro-Loan Lite|Starter Credit Card,P_03,Standard Credit Card,P_04,Premium Personal Loan,40.0
USR_010,7c46b087-29af-4065-939d-9847c6bf53ab,390,High Risk / Poor,1,P_01,Starter Credit Card,P_01,Starter Credit Card,P_02,Micro-Loan Lite,160.0
USR_011,d2fbf766-8ca8-4afb-8697-7d7859c962b1,445,High Risk / Poor,1,P_01,Starter Credit Card,P_01,Starter Credit Card,P_02,Micro-Loan Lite,105.0
USR_012,1618cce9-a224-4823-bcdc-76a3b1895274,610,Sub-Prime / Fair,2,P_02|P_01,Micro-Loan Lite|Starter Credit Card,P_02,Micro-Loan Lite,P_03,Standard Credit Card,40.0
USR_013,2c0038c9-c845-45b3-9b03-950e024e470d,750,Prime / Low Risk,4,P_04|P_03|P_02|P_01,Premium Personal Loan|Standard Credit Card|Micro-Loan Lite|Starter Credit Card,P_04,Premium Personal Loan,,,0
USR_014,498d23af-1d30-49e7-818b-7c68a7565193,740,Near-Prime / Medium Risk,3,P_03|P_02|P_01,Standard Credit Card|Micro-Loan Lite|Starter Credit Card,P_03,Standard Credit Card,P_04,Premium Personal Loan,10.0
USR_015,f0bb65ec-a06b-4016-987d-468bd24b862e,425,High Risk / Poor,1,P_01,Starter Credit Card,P_01,Starter Credit Card,P_02,Micro-Loan Lite,125.0
USR_016,c835987f-0cde-412b-8a3c-45bc46051561,645,Sub-Prime / Fair,2,P_02|P_01,Micro-Loan Lite|Starter Credit Card,P_02,Micro-Loan Lite,P_03,Standard Credit Card,5.0
USR_017,a3a71f63-9a86-4813-9dba-5b5ff8bf8a9a,795,Prime / Low Risk,4,P_04|P_03|P_02|P_01,Premium Personal Loan|Standard Credit Card|Micro-Loan Lite|Starter Credit Card,P_04,Premium Personal Loan,,,0
USR_018,3812aec0-a831-4a06-88fd-4ec007824ad5,435,High Risk / Poor,1,P_01,Starter Credit Card,P_01,Starter Credit Card,P_02,Micro-Loan Lite,115.0
USR_019,6e93095e-974a-4f69-bbc3-e783a7eaa6bb,580,Sub-Prime / Fair,2,P_02|P_01,Micro-Loan Lite|Starter Credit Card,P_02,Micro-Loan Lite,P_03,Standard Credit Card,70.0
USR_020,81278bc3-cb3c-40ba-970e-868d399583f2,600,Sub-Prime / Fair,2,P_02|P_01,Micro-Loan Lite|Starter Credit Card,P_02,Micro-Loan Lite,P_03,Standard Credit Card,50.0
USR_021,a19a1af0-d42e-4741-b031-b3e6fabf37f3,550,Sub-Prime / Fair,2,P_02|P_01,Micro-Loan Lite|Starter Credit Card,P_02,Micro-Loan Lite,P_03,Standard Credit Card,100.0
USR_022,b06353ae-4f95-47d2-bca0-5ebfd2e333c7,710,Near-Prime / Medium Risk,3,P_03|P_02|P_01,Standard Credit Card|Micro-Loan Lite|Starter Credit Card,P_03,Standard Credit Card,P_04,Premium Personal Loan,40.0
USR_023,ce64cefd-daa0-4733-a8d8-ff03d13e7bd4,555,Sub-Prime / Fair,2,P_02|P_01,Micro-Loan Lite|Starter Credit Card,P_02,Micro-Loan Lite,P_03,Standard Credit Card,95.0
USR_024,c9d19994-45a9-419c-953d-75543a5b6116,815,Prime / Low Risk,4,P_04|P_03|P_02|P_01,Premium Personal Loan|Standard Credit Card|Micro-Loan Lite|Starter Credit Card,P_04,Premium Personal Loan,,,0
USR_025,cce1acfb-9917-4b22-bdc9-ed720c263e9d,755,Prime / Low Risk,4,P_04|P_03|P_02|P_01,Premium Personal Loan|Standard Credit Card|Micro-Loan Lite|Starter Credit Card,P_04,Premium Personal Loan,,,0
USR_026,4cf6804f-8fc8-4edb-82c6-592d6d8899eb,545,High Risk / Poor,1,P_01,Starter Credit Card,P_01,Starter Credit Card,P_02,Micro-Loan Lite,5.0
USR_027,d302f085-de52-497b-ad4e-3914db11faf1,550,Sub-Prime / Fair,2,P_02|P_01,Micro-Loan Lite|Starter Credit Card,P_02,Micro-Loan Lite,P_03,Standard Credit Card,100.0
USR_028,a52c7ac9-620f-477d-b642-45cb522f7b6a,660,Near-Prime / Medium Risk,3,P_03|P_02|P_01,Standard Credit Card|Micro-Loan Lite|Starter Credit Card,P_03,Standard Credit Card,P_04,Premium Personal Loan,90.0
USR_029,6e7df317-67b8-4d47-8144-a2e24bf3bbbf,525,High Risk / Poor,1,P_01,Starter Credit Card,P_01,Starter Credit Card,P_02,Micro-Loan Lite,25.0
USR_030,efa94892-8f3c-4c84-b4cd-6440446d5e3e,705,Near-Prime / Medium Risk,3,P_03|P_02|P_01,Standard Credit Card|Micro-Loan Lite|Starter Credit Card,P_03,Standard Credit Card,P_04,Premium Personal Loan,45.0
USR_031,f43154e5-cd7b-4a6f-b9fd-26bce2512025,720,Near-Prime / Medium Risk,3,P_03|P_02|P_01,Standard Credit Card|Micro-Loan Lite|Starter Credit Card,P_03,Standard Credit Card,P_04,Premium Personal Loan,30.0
USR_032,e3d551b9-9e0e-44c8-9529-f9291fe5db62,620,Sub-Prime / Fair,2,P_02|P_01,Micro-Loan Lite|Starter Credit Card,P_02,Micro-Loan Lite,P_03,Standard Credit Card,30.0
USR_033,5080e5c3-fb5e-4acf-a114-b6794815ba2c,715,Near-Prime / Medium Risk,3,P_03|P_02|P_01,Standard Credit Card|Micro-Loan Lite|Starter Credit Card,P_03,Standard Credit Card,P_04,Premium Personal Loan,35.0
USR_034,6cf0ff36-af41-4b51-a867-32943ec2c433,610,Sub-Prime / Fair,2,P_02|P_01,Micro-Loan Lite|Starter Credit Card,P_02,Micro-Loan Lite,P_03,Standard Credit Card,40.0
USR_035,a241332a-da69-45d0-b98c-257913f80364,455,High Risk / Poor,1,P_01,Starter Credit Card,P_01,Starter Credit Card,P_02,Micro-Loan Lite,95.0
USR_036,490b769b-2030-431d-9b81-8d21e84463c2,605,Sub-Prime / Fair,2,P_02|P_01,Micro-Loan Lite|Starter Credit Card,P_02,Micro-Loan Lite,P_03,Standard Credit Card,45.0
USR_037,bcc2434d-8665-4ffe-94c1-6f54e21ab285,410,High Risk / Poor,1,P_01,Starter Credit Card,P_01,Starter Credit Card,P_02,Micro-Loan Lite,140.0
USR_038,798e357c-72cb-4f4d-bf81-dc218614e548,720,Near-Prime / Medium Risk,3,P_03|P_02|P_01,Standard Credit Card|Micro-Loan Lite|Starter Credit Card,P_03,Standard Credit Card,P_04,Premium Personal Loan,30.0
USR_039,9ab33488-43aa-41f5-857c-ad48a68ff674,470,High Risk / Poor,1,P_01,Starter Credit Card,P_01,Starter Credit Card,P_02,Micro-Loan Lite,80.0
USR_040,4e611a03-f83f-43df-9137-83ddae169a6d,795,Prime / Low Risk,4,P_04|P_03|P_02|P_01,Premium Personal Loan|Standard Credit Card|Micro-Loan Lite|Starter Credit Card,P_04,Premium Personal Loan,,,0
USR_041,c4640d43-74f1-489e-931a-fc3bf20a8d13,720,Near-Prime / Medium Risk,3,P_03|P_02|P_01,Standard Credit Card|Micro-Loan Lite|Starter Credit Card,P_03,Standard Credit Card,P_04,Premium Personal Loan,30.0
USR_042,a49192bc-2087-4dc5-a306-69f2690e98d5,605,Sub-Prime / Fair,2,P_02|P_01,Micro-Loan Lite|Starter Credit Card,P_02,Micro-Loan Lite,P_03,Standard Credit Card,45.0
USR_043,26c2eee6-e126-49c8-b162-011640e1be45,700,Near-Prime / Medium Risk,3,P_03|P_02|P_01,Standard Credit Card|Micro-Loan Lite|Starter Credit Card,P_03,Standard Credit Card,P_04,Premium Personal Loan,50.0
USR_044,e8e98ec0-28df-417c-af4e-f5739e59e9bd,430,High Risk / Poor,1,P_01,Starter Credit Card,P_01,Starter Credit Card,P_02,Micro-Loan Lite,120.0
USR_045,14b1484d-7041-47b5-8a5b-c75b54b0eae1,535,High Risk / Poor,1,P_01,Starter Credit Card,P_01,Starter Credit Card,P_02,Micro-Loan Lite,15.0
USR_046,7494866c-d5c9-4b7d-ba1f-16ab07b7700e,530,High Risk / Poor,1,P_01,Starter Credit Card,P_01,Starter Credit Card,P_02,Micro-Loan Lite,20.0
USR_047,62f2e28c-02c8-4ff6-86e6-577c2c4a6e16,330,High Risk / Poor,0,,,,,P_01,Starter Credit Card,20.0
USR_048,41f1538d-abb7-45a4-bf5c-6cfeb21046e5,805,Prime / Low Risk,4,P_04|P_03|P_02|P_01,Premium Personal Loan|Standard Credit Card|Micro-Loan Lite|Starter Credit Card,P_04,Premium Personal Loan,,,0
USR_049,ceb18a46-3586-462c-810b-7f6583803dfe,825,Prime / Low Risk,4,P_04|P_03|P_02|P_01,Premium Personal Loan|Standard Credit Card|Micro-Loan Lite|Starter Credit Card,P_04,Premium Personal Loan,,,0
USR_050,4f2cc6f5-3894-49d2-9599-6e91a7c079b8,715,Near-Prime / Medium Risk,3,P_03|P_02|P_01,Standard Credit Card|Micro-Loan Lite|Starter Credit Card,P_03,Standard Credit Card,P_04,Premium Personal Loan,35.0
USR_051,a10fc0af-ac36-4adb-aec6-1d8c64dd1922,845,Prime / Low Risk,4,P_04|P_03|P_02|P_01,Premium Personal Loan|Standard Credit Card|Micro-Loan Lite|Starter Credit Card,P_04,Premium Personal Loan,,,0
USR_052,7f1adccb-5564-4b96-a916-740d572966c5,675,Near-Prime / Medium Risk,3,P_03|P_02|P_01,Standard Credit Card|Micro-Loan Lite|Starter Credit Card,P_03,Standard Credit Card,P_04,Premium Personal Loan,75.0
USR_053,1bd860e6-9758-4081-a215-a051ddbb8c19,640,Sub-Prime / Fair,2,P_02|P_01,Micro-Loan Lite|Starter Credit Card,P_02,Micro-Loan Lite,P_03,Standard Credit Card,10.0
USR_054,a8c9e833-3c31-4868-879c-ded1e555025f,875,Prime / Low Risk,4,P_04|P_03|P_02|P_01,Premium Personal Loan|Standard Credit Card|Micro-Loan Lite|Starter Credit Card,P_04,Premium Personal Loan,,,0
USR_055,943c2769-3a10-47a8-b041-da3326b52685,505,High Risk / Poor,1,P_01,Starter Credit Card,P_01,Starter Credit Card,P_02,Micro-Loan Lite,45.0
USR_056,9cf2f9a1-23ce-4035-b3b1-97d6b0229f36,735,Near-Prime / Medium Risk,3,P_03|P_02|P_01,Standard Credit Card|Micro-Loan Lite|Starter Credit Card,P_03,Standard Credit Card,P_04,Premium Personal Loan,15.0
USR_057,fb69b9d3-01e5-412b-91eb-f61c8f52dda3,700,Near-Prime / Medium Risk,3,P_03|P_02|P_01,Standard Credit Card|Micro-Loan Lite|Starter Credit Card,P_03,Standard Credit Card,P_04,Premium Personal Loan,50.0
USR_058,bf2241d9-ba54-4a2a-9d64-7fdfa341d110,560,Sub-Prime / Fair,2,P_02|P_01,Micro-Loan Lite|Starter Credit Card,P_02,Micro-Loan Lite,P_03,Standard Credit Card,90.0
USR_059,0abc206f-91aa-469a-a76c-2fbb1445e491,430,High Risk / Poor,1,P_01,Starter Credit Card,P_01,Starter Credit Card,P_02,Micro-Loan Lite,120.0
USR_060,3c78f6a7-38ed-4155-8d67-b561a4d87597,375,High Risk / Poor,1,P_01,Starter Credit Card,P_01,Starter Credit Card,P_02,Micro-Loan Lite,175.0
USR_061,0b26f708-c213-4dc2-a6d9-7f76be150d86,795,Prime / Low Risk,4,P_04|P_03|P_02|P_01,Premium Personal Loan|Standard Credit Card|Micro-Loan Lite|Starter Credit Card,P_04,Premium Personal Loan,,,0
USR_062,e75081ed-8eab-458c-81e4-46659e9ca569,755,Prime / Low Risk,4,P_04|P_03|P_02|P_01,Premium Personal Loan|Standard Credit Card|Micro-Loan Lite|Starter Credit Card,P_04,Premium Personal Loan,,,0
USR_063,560dfa5d-74d6-4337-956e-4aa9fc5965ce,795,Prime / Low Risk,4,P_04|P_03|P_02|P_01,Premium Personal Loan|Standard Credit Card|Micro-Loan Lite|Starter Credit Card,P_04,Premium Personal Loan,,,0
USR_064,12e56dfa-6e89-4891-8949-ddcaef51b06b,510,High Risk / Poor,1,P_01,Starter Credit Card,P_01,Starter Credit Card,P_02,Micro-Loan Lite,40.0
USR_065,92f948f4-f6e0-47e3-83b1-9e4d61f9e3d8,760,Prime / Low Risk,4,P_04|P_03|P_02|P_01,Premium Personal Loan|Standard Credit Card|Micro-Loan Lite|Starter Credit Card,P_04,Premium Personal Loan,,,0
USR_066,afac8dea-e253-4eaf-96af-127d90215bed,390,High Risk / Poor,1,P_01,Starter Credit Card,P_01,Starter Credit Card,P_02,Micro-Loan Lite,160.0
USR_067,1427dbf7-dfe9-48d3-ade8-c4340d02a3c5,555,Sub-Prime / Fair,2,P_02|P_01,Micro-Loan Lite|Starter Credit Card,P_02,Micro-Loan Lite,P_03,Standard Credit Card,95.0
USR_068,076f5398-f3ef-448e-a264-6c1d6bb21f36,740,Near-Prime / Medium Risk,3,P_03|P_02|P_01,Standard Credit Card|Micro-Loan Lite|Starter Credit Card,P_03,Standard Credit Card,P_04,Premium Personal Loan,10.0
USR_069,8d458def-2906-4646-94d9-7032dc57432a,885,Prime / Low Risk,4,P_04|P_03|P_02|P_01,Premium Personal Loan|Standard Credit Card|Micro-Loan Lite|Starter Credit Card,P_04,Premium Personal Loan,,,0
USR_070,0073cbc8-55a1-45a3-8295-a2f464c397aa,515,High Risk / Poor,1,P_01,Starter Credit Card,P_01,Starter Credit Card,P_02,Micro-Loan Lite,35.0
USR_071,65b6eb54-be62-4862-93f3-77cbd5a3d96d,660,Near-Prime / Medium Risk,3,P_03|P_02|P_01,Standard Credit Card|Micro-Loan Lite|Starter Credit Card,P_03,Standard Credit Card,P_04,Premium Personal Loan,90.0
USR_072,8a49d3ed-dedb-4640-8adc-f79dc9876537,870,Prime / Low Risk,4,P_04|P_03|P_02|P_01,Premium Personal Loan|Standard Credit Card|Micro-Loan Lite|Starter Credit Card,P_04,Premium Personal Loan,,,0
USR_073,86477132-595f-4a6f-a1c2-1c162f26f666,585,Sub-Prime / Fair,2,P_02|P_01,Micro-Loan Lite|Starter Credit Card,P_02,Micro-Loan Lite,P_03,Standard Credit Card,65.0
USR_074,7710a5d7-cab2-497c-a2de-f256d89330e0,755,Prime / Low Risk,4,P_04|P_03|P_02|P_01,Premium Personal Loan|Standard Credit Card|Micro-Loan Lite|Starter Credit Card,P_04,Premium Personal Loan,,,0
USR_075,aa656ff8-c01b-425a-a306-7c445e7dcb3d,525,High Risk / Poor,1,P_01,Starter Credit Card,P_01,Starter Credit Card,P_02,Micro-Loan Lite,25.0
USR_076,79c172c5-b191-4a57-8ab9-b6bc65b90c90,490,High Risk / Poor,1,P_01,Starter Credit Card,P_01,Starter Credit Card,P_02,Micro-Loan Lite,60.0
USR_077,89bd9c88-3ed5-4256-8c2c-b3e3537703b8,740,Near-Prime / Medium Risk,3,P_03|P_02|P_01,Standard Credit Card|Micro-Loan Lite|Starter Credit Card,P_03,Standard Credit Card,P_04,Premium Personal Loan,10.0
USR_078,71256ac0-0f9b-4b8f-939f-c70665731857,680,Near-Prime / Medium Risk,3,P_03|P_02|P_01,Standard Credit Card|Micro-Loan Lite|Starter Credit Card,P_03,Standard Credit Card,P_04,Premium Personal Loan,70.0
USR_079,2e8d1d99-4f07-4084-8ff0-052873a3d118,875,Prime / Low Risk,4,P_04|P_03|P_02|P_01,Premium Personal Loan|Standard Credit Card|Micro-Loan Lite|Starter Credit Card,P_04,Premium Personal Loan,,,0
USR_080,a41f1175-9c89-4db3-aa91-193a5932c020,470,High Risk / Poor,1,P_01,Starter Credit Card,P_01,Starter Credit Card,P_02,Micro-Loan Lite,80.0
USR_081,a3f0695c-f106-4791-812e-00d0120f52b9,810,Prime / Low Risk,4,P_04|P_03|P_02|P_01,Premium Personal Loan|Standard Credit Card|Micro-Loan Lite|Starter Credit Card,P_04,Premium Personal Loan,,,0
USR_082,bf930c02-8283-4abf-8b62-4e70fcb30896,750,Prime / Low Risk,4,P_04|P_03|P_02|P_01,Premium Personal Loan|Standard Credit Card|Micro-Loan Lite|Starter Credit Card,P_04,Premium Personal Loan,,,0
USR_083,5a0c6e70-a4e9-433e-8d0e-893961ec3efa,855,Prime / Low Risk,4,P_04|P_03|P_02|P_01,Premium Personal Loan|Standard Credit Card|Micro-Loan Lite|Starter Credit Card,P_04,Premium Personal Loan,,,0
USR_084,eb2f30d4-28b2-4fbc-adb8-f4d5333620c6,795,Prime / Low Risk,4,P_04|P_03|P_02|P_01,Premium Personal Loan|Standard Credit Card|Micro-Loan Lite|Starter Credit Card,P_04,Premium Personal Loan,,,0
USR_085,6b499895-db12-4431-8c67-6a84d6a2bc93,810,Prime / Low Risk,4,P_04|P_03|P_02|P_01,Premium Personal Loan|Standard Credit Card|Micro-Loan Lite|Starter Credit Card,P_04,Premium Personal Loan,,,0
USR_086,cfb8cbfd-4174-4d66-9eaf-868920f449e8,600,Sub-Prime / Fair,2,P_02|P_01,Micro-Loan Lite|Starter Credit Card,P_02,Micro-Loan Lite,P_03,Standard Credit Card,50.0
USR_087,57abdb9f-787e-4f0f-8a18-4cfeeb6f1479,680,Near-Prime / Medium Risk,3,P_03|P_02|P_01,Standard Credit Card|Micro-Loan Lite|Starter Credit Card,P_03,Standard Credit Card,P_04,Premium Personal Loan,70.0
USR_088,9d55ad87-922f-413c-8559-f02bf8dc9b8f,690,Near-Prime / Medium Risk,3,P_03|P_02|P_01,Standard Credit Card|Micro-Loan Lite|Starter Credit Card,P_03,Standard Credit Card,P_04,Premium Personal Loan,60.0
USR_089,af0658e7-55e0-4dc9-a89c-10cfd05262fa,655,Near-Prime / Medium Risk,3,P_03|P_02|P_01,Standard Credit Card|Micro-Loan Lite|Starter Credit Card,P_03,Standard Credit Card,P_04,Premium Personal Loan,95.0
USR_090,f85a9e9a-39fc-4018-aca9-537045c86766,615,Sub-Prime / Fair,2,P_02|P_01,Micro-Loan Lite|Starter Credit Card,P_02,Micro-Loan Lite,P_03,Standard Credit Card,35.0
USR_091,e71f1848-83d2-4240-bc62-902f6a0d33c9,450,High Risk / Poor,1,P_01,Starter Credit Card,P_01,Starter Credit Card,P_02,Micro-Loan Lite,100.0
USR_092,15d97a06-e5ea-4611-bd24-226f09aee24f,750,Prime / Low Risk,4,P_04|P_03|P_02|P_01,Premium Personal Loan|Standard Credit Card|Micro-Loan Lite|Starter Credit Card,P_04,Premium Personal Loan,,,0
USR_093,fc33f9b0-8418-46aa-a898-cd0a0719506b,965,Prime / Low Risk,4,P_04|P_03|P_02|P_01,Premium Personal Loan|Standard Credit Card|Micro-Loan Lite|Starter Credit Card,P_04,Premium Personal Loan,,,0
USR_094,fb171950-3d5b-41ac-801a-809bddb6d053,600,Sub-Prime / Fair,2,P_02|P_01,Micro-Loan Lite|Starter Credit Card,P_02,Micro-Loan Lite,P_03,Standard Credit Card,50.0
USR_095,9ea71669-ef67-49aa-9a15-aa380af16505,640,Sub-Prime / Fair,2,P_02|P_01,Micro-Loan Lite|Starter Credit Card,P_02,Micro-Loan Lite,P_03,Standard Credit Card,10.0
USR_096,d1aab0d4-20aa-45b9-b697-bfb8a51f7df2,580,Sub-Prime / Fair,2,P_02|P_01,Micro-Loan Lite|Starter Credit Card,P_02,Micro-Loan Lite,P_03,Standard Credit Card,70.0
USR_097,d22976a2-b542-4ca5-9b80-39f7a7a147c4,510,High Risk / Poor,1,P_01,Starter Credit Card,P_01,Starter Credit Card,P_02,Micro-Loan Lite,40.0
USR_098,ed8fb86e-113c-485e-97ee-00a219ba10d8,575,Sub-Prime / Fair,2,P_02|P_01,Micro-Loan Lite|Starter Credit Card,P_02,Micro-Loan Lite,P_03,Standard Credit Card,75.0
USR_099,71710ae9-67fe-4f23-a416-293ab13132a1,680,Near-Prime / Medium Risk,3,P_03|P_02|P_01,Standard Credit Card|Micro-Loan Lite|Starter Credit Card,P_03,Standard Credit Card,P_04,Premium Personal Loan,70.0
USR_100,ba0b8292-79cb-4332-ab23-18040d3a2f78,755,Prime / Low Risk,4,P_04|P_03|P_02|P_01,Premium Personal Loan|Standard Credit Card|Micro-Loan Lite|Starter Credit Card,P_04,Premium Personal Loan,,,0
USR_101,3ecf9a57-d56f-4975-b22a-a1ed9669a3a9,765,Prime / Low Risk,4,P_04|P_03|P_02|P_01,Premium Personal Loan|Standard Credit Card|Micro-Loan Lite|Starter Credit Card,P_04,Premium Personal Loan,,,0
USR_102,302b7b0f-2dbc-427e-b9f4-db2d19f9e138,705,Near-Prime / Medium Risk,3,P_03|P_02|P_01,Standard Credit Card|Micro-Loan Lite|Starter Credit Card,P_03,Standard Credit Card,P_04,Premium Personal Loan,45.0
USR_103,a69c26af-18ae-4e2e-9164-382ecef3c810,895,Prime / Low Risk,4,P_04|P_03|P_02|P_01,Premium Personal Loan|Standard Credit Card|Micro-Loan Lite|Starter Credit Card,P_04,Premium Personal Loan,,,0
USR_104,3aeb1a1c-af8c-4ea9-b13b-a231cb7d077a,1000,Prime / Low Risk,4,P_04|P_03|P_02|P_01,Premium Personal Loan|Standard Credit Card|Micro-Loan Lite|Starter Credit Card,P_04,Premium Personal Loan,,,0
USR_105,928d56eb-13de-4a08-8885-d73a5bf8043d,605,Sub-Prime / Fair,2,P_02|P_01,Micro-Loan Lite|Starter Credit Card,P_02,Micro-Loan Lite,P_03,Standard Credit Card,45.0
USR_106,0df1e7e9-41aa-4e45-86ca-f30184114aa2,740,Near-Prime / Medium Risk,3,P_03|P_02|P_01,Standard Credit Card|Micro-Loan Lite|Starter Credit Card,P_03,Standard Credit Card,P_04,Premium Personal Loan,10.0
USR_107,7b46e1a5-ce73-4d15-adb4-fafd6bfe23a2,660,Near-Prime / Medium Risk,3,P_03|P_02|P_01,Standard Credit Card|Micro-Loan Lite|Starter Credit Card,P_03,Standard Credit Card,P_04,Premium Personal Loan,90.0
USR_108,c693b4af-4852-4b4d-9ca6-38ec191250a3,490,High Risk / Poor,1,P_01,Starter Credit Card,P_01,Starter Credit Card,P_02,Micro-Loan Lite,60.0
USR_109,7d8c60dd-279d-4485-9797-0339fdcf3a0b,615,Sub-Prime / Fair,2,P_02|P_01,Micro-Loan Lite|Starter Credit Card,P_02,Micro-Loan Lite,P_03,Standard Credit Card,35.0
USR_110,37e1633f-7b7e-47f0-8444-a2f8d85bee29,705,Near-Prime / Medium Risk,3,P_03|P_02|P_01,Standard Credit Card|Micro-Loan Lite|Starter Credit Card,P_03,Standard Credit Card,P_04,Premium Personal Loan,45.0
USR_111,824895cf-a6a1-435a-8e86-d033ab39bea7,675,Near-Prime / Medium Risk,3,P_03|P_02|P_01,Standard Credit Card|Micro-Loan Lite|Starter Credit Card,P_03,Standard Credit Card,P_04,Premium Personal Loan,75.0
USR_112,448a8f1f-eacf-4575-a7ca-474b7f9ea64e,720,Near-Prime / Medium Risk,3,P_03|P_02|P_01,Standard Credit Card|Micro-Loan Lite|Starter Credit Card,P_03,Standard Credit Card,P_04,Premium Personal Loan,30.0
USR_113,10fcaf88-dece-43c4-993d-b4ca9bd91a93,660,Near-Prime / Medium Risk,3,P_03|P_02|P_01,Standard Credit Card|Micro-Loan Lite|Starter Credit Card,P_03,Standard Credit Card,P_04,Premium Personal Loan,90.0
USR_114,e17eae13-5da4-41d3-bbf5-35990c7ae146,440,High Risk / Poor,1,P_01,Starter Credit Card,P_01,Starter Credit Card,P_02,Micro-Loan Lite,110.0
USR_115,426a2fe9-539c-40e8-8fae-35d998dd3b6b,895,Prime / Low Risk,4,P_04|P_03|P_02|P_01,Premium Personal Loan|Standard Credit Card|Micro-Loan Lite|Starter Credit Card,P_04,Premium Personal Loan,,,0
USR_116,4e5e9d03-d7a9-498f-a6f9-591bc6c476b1,620,Sub-Prime / Fair,2,P_02|P_01,Micro-Loan Lite|Starter Credit Card,P_02,Micro-Loan Lite,P_03,Standard Credit Card,30.0
USR_117,f7e9737a-4dd9-4258-a87a-1e2e20c14b3b,515,High Risk / Poor,1,P_01,Starter Credit Card,P_01,Starter Credit Card,P_02,Micro-Loan Lite,35.0
USR_118,d1fbacfc-9652-4700-a0f1-1404a0fa726a,775,Prime / Low Risk,4,P_04|P_03|P_02|P_01,Premium Personal Loan|Standard Credit Card|Micro-Loan Lite|Starter Credit Card,P_04,Premium Personal Loan,,,0
USR_119,a7488f6f-76b1-43d6-94c9-30715356a3fc,725,Near-Prime / Medium Risk,3,P_03|P_02|P_01,Standard Credit Card|Micro-Loan Lite|Starter Credit Card,P_03,Standard Credit Card,P_04,Premium Personal Loan,25.0
USR_120,70b1a00f-34ed-4813-bcad-639dd2cefec1,750,Prime / Low Risk,4,P_04|P_03|P_02|P_01,Premium Personal Loan|Standard Credit Card|Micro-Loan Lite|Starter Credit Card,P_04,Premium Personal Loan,,,0
USR_121,867b231c-ac60-45da-9f44-1304edfef85a,660,Near-Prime / Medium Risk,3,P_03|P_02|P_01,Standard Credit Card|Micro-Loan Lite|Starter Credit Card,P_03,Standard Credit Card,P_04,Premium Personal Loan,90.0
USR_122,8b1ccb7c-8041-467a-b3b7-bf50942ac5fb,480,High Risk / Poor,1,P_01,Starter Credit Card,P_01,Starter Credit Card,P_02,Micro-Loan Lite,70.0
USR_123,b5567055-6d8f-4f9f-91cf-fc7afc0c5e32,660,Near-Prime / Medium Risk,3,P_03|P_02|P_01,Standard Credit Card|Micro-Loan Lite|Starter Credit Card,P_03,Standard Credit Card,P_04,Premium Personal Loan,90.0
USR_124,b8a17a3e-685e-4d62-a0ef-6ef45ad33f67,895,Prime / Low Risk,4,P_04|P_03|P_02|P_01,Premium Personal Loan|Standard Credit Card|Micro-Loan Lite|Starter Credit Card,P_04,Premium Personal Loan,,,0
USR_125,0828a28c-9ffa-46e7-9ae8-df1802b87199,605,Sub-Prime / Fair,2,P_02|P_01,Micro-Loan Lite|Starter Credit Card,P_02,Micro-Loan Lite,P_03,Standard Credit Card,45.0
USR_126,0c193e4a-66f1-48d2-8b70-6f8313de307f,660,Near-Prime / Medium Risk,3,P_03|P_02|P_01,Standard Credit Card|Micro-Loan Lite|Starter Credit Card,P_03,Standard Credit Card,P_04,Premium Personal Loan,90.0
USR_127,a4f67ddb-1aa9-448e-b2aa-79d73df8d164,690,Near-Prime / Medium Risk,3,P_03|P_02|P_01,Standard Credit Card|Micro-Loan Lite|Starter Credit Card,P_03,Standard Credit Card,P_04,Premium Personal Loan,60.0
USR_128,51702b26-56f2-4f8b-8dcb-67f075489521,995,Prime / Low Risk,4,P_04|P_03|P_02|P_01,Premium Personal Loan|Standard Credit Card|Micro-Loan Lite|Starter Credit Card,P_04,Premium Personal Loan,,,0
USR_129,d3f2f24e-91f6-48cb-a9eb-cb71eae70f51,655,Near-Prime / Medium Risk,3,P_03|P_02|P_01,Standard Credit Card|Micro-Loan Lite|Starter Credit Card,P_03,Standard Credit Card,P_04,Premium Personal Loan,95.0
USR_130,a15defc0-a4de-42a1-9498-246fa5d5146a,770,Prime / Low Risk,4,P_04|P_03|P_02|P_01,Premium Personal Loan|Standard Credit Card|Micro-Loan Lite|Starter Credit Card,P_04,Premium Personal Loan,,,0
USR_131,20cf5af3-7976-4181-853e-eaa5dabb37dc,805,Prime / Low Risk,4,P_04|P_03|P_02|P_01,Premium Personal Loan|Standard Credit Card|Micro-Loan Lite|Starter Credit Card,P_04,Premium Personal Loan,,,0
USR_132,9030cc06-6fbc-49da-a849-87c4cb2472a4,710,Near-Prime / Medium Risk,3,P_03|P_02|P_01,Standard Credit Card|Micro-Loan Lite|Starter Credit Card,P_03,Standard Credit Card,P_04,Premium Personal Loan,40.0
USR_133,5bb53257-dbc2-4f3f-a751-583e1061a95a,605,Sub-Prime / Fair,2,P_02|P_01,Micro-Loan Lite|Starter Credit Card,P_02,Micro-Loan Lite,P_03,Standard Credit Card,45.0
USR_134,c68c435c-f98d-4235-9895-3bde968e5b92,500,High Risk / Poor,1,P_01,Starter Credit Card,P_01,Starter Credit Card,P_02,Micro-Loan Lite,50.0
USR_135,025c29fd-268a-48c1-8327-1b095691f3e9,785,Prime / Low Risk,4,P_04|P_03|P_02|P_01,Premium Personal Loan|Standard Credit Card|Micro-Loan Lite|Starter Credit Card,P_04,Premium Personal Loan,,,0
USR_136,25c9b300-4330-420b-8319-70ce361ce352,305,High Risk / Poor,0,,,,,P_01,Starter Credit Card,45.0
USR_137,0da35e91-23c0-4db6-a5f9-0c36539bd0a7,630,Sub-Prime / Fair,2,P_02|P_01,Micro-Loan Lite|Starter Credit Card,P_02,Micro-Loan Lite,P_03,Standard Credit Card,20.0
USR_138,6d7531d6-5bdc-4272-b03d-b6e2f46e99ce,885,Prime / Low Risk,4,P_04|P_03|P_02|P_01,Premium Personal Loan|Standard Credit Card|Micro-Loan Lite|Starter Credit Card,P_04,Premium Personal Loan,,,0
USR_139,0da92ad5-0007-4e1d-a2fe-6596479c3422,795,Prime / Low Risk,4,P_04|P_03|P_02|P_01,Premium Personal Loan|Standard Credit Card|Micro-Loan Lite|Starter Credit Card,P_04,Premium Personal Loan,,,0
USR_140,dbff3560-4594-4799-b197-6bded113dd65,375,High Risk / Poor,1,P_01,Starter Credit Card,P_01,Starter Credit Card,P_02,Micro-Loan Lite,175.0
USR_141,fcf715dc-b79b-4aa2-a809-1e7a24ce2239,525,High Risk / Poor,1,P_01,Starter Credit Card,P_01,Starter Credit Card,P_02,Micro-Loan Lite,25.0
USR_142,93d842cb-de40-498c-9f99-6b4a3094c9cb,915,Prime / Low Risk,4,P_04|P_03|P_02|P_01,Premium Personal Loan|Standard Credit Card|Micro-Loan Lite|Starter Credit Card,P_04,Premium Personal Loan,,,0
USR_143,3325a213-6b36-40ab-8534-ea0fd3b78b0f,565,Sub-Prime / Fair,2,P_02|P_01,Micro-Loan Lite|Starter Credit Card,P_02,Micro-Loan Lite,P_03,Standard Credit Card,85.0
USR_144,1a98fd5f-26a5-4a08-907f-3a73315e5f7d,615,Sub-Prime / Fair,2,P_02|P_01,Micro-Loan Lite|Starter Credit Card,P_02,Micro-Loan Lite,P_03,Standard Credit Card,35.0
USR_145,07f20059-4fa0-49d0-848f-d3351c81e4a9,425,High Risk / Poor,1,P_01,Starter Credit Card,P_01,Starter Credit Card,P_02,Micro-Loan Lite,125.0
USR_146,96a484e5-3cb4-452a-8f8d-84c50d6c66e7,730,Near-Prime / Medium Risk,3,P_03|P_02|P_01,Standard Credit Card|Micro-Loan Lite|Starter Credit Card,P_03,Standard Credit Card,P_04,Premium Personal Loan,20.0
USR_147,fb74a64c-a46c-4e7d-83d4-16e159c9a678,795,Prime / Low Risk,4,P_04|P_03|P_02|P_01,Premium Personal Loan|Standard Credit Card|Micro-Loan Lite|Starter Credit Card,P_04,Premium Personal Loan,,,0
USR_148,e5b3be6e-aa37-49a3-8605-40ad0b4d3198,805,Prime / Low Risk,4,P_04|P_03|P_02|P_01,Premium Personal Loan|Standard Credit Card|Micro-Loan Lite|Starter Credit Card,P_04,Premium Personal Loan,,,0
USR_149,5279ec2a-6587-4ad1-a7c1-1846b8a36211,610,Sub-Prime / Fair,2,P_02|P_01,Micro-Loan Lite|Starter Credit Card,P_02,Micro-Loan Lite,P_03,Standard Credit Card,40.0
USR_150,cf8f6107-bea4-4c92-aabb-8e8bda052d8d,470,High Risk / Poor,1,P_01,Starter Credit Card,P_01,Starter Credit Card,P_02,Micro-Loan Lite,80.0
USR_151,1074abc4-63ce-49d2-b7c9-1903848af90b,650,Near-Prime / Medium Risk,3,P_03|P_02|P_01,Standard Credit Card|Micro-Loan Lite|Starter Credit Card,P_03,Standard Credit Card,P_04,Premium Personal Loan,100.0
USR_152,f93917e7-3919-4cb1-b7c4-28309cdf6b83,665,Near-Prime / Medium Risk,3,P_03|P_02|P_01,Standard Credit Card|Micro-Loan Lite|Starter Credit Card,P_03,Standard Credit Card,P_04,Premium Personal Loan,85.0
USR_153,78a892f8-9385-4659-83a8-8b35130bcecc,730,Near-Prime / Medium Risk,3,P_03|P_02|P_01,Standard Credit Card|Micro-Loan Lite|Starter Credit Card,P_03,Standard Credit Card,P_04,Premium Personal Loan,20.0
USR_154,c002fbac-8f01-498d-87de-956b838691ab,765,Prime / Low Risk,4,P_04|P_03|P_02|P_01,Premium Personal Loan|Standard Credit Card|Micro-Loan Lite|Starter Credit Card,P_04,Premium Personal Loan,,,0
USR_155,d2a7bde0-5f99-4c92-8517-15392d7c5227,525,High Risk / Poor,1,P_01,Starter Credit Card,P_01,Starter Credit Card,P_02,Micro-Loan Lite,25.0
USR_156,c0e3a4b2-0650-4ade-918c-e197e59f4adb,820,Prime / Low Risk,4,P_04|P_03|P_02|P_01,Premium Personal Loan|Standard Credit Card|Micro-Loan Lite|Starter Credit Card,P_04,Premium Personal Loan,,,0
USR_157,4b7a9997-f36b-41ba-9284-6eb044d4fa25,565,Sub-Prime / Fair,2,P_02|P_01,Micro-Loan Lite|Starter Credit Card,P_02,Micro-Loan Lite,P_03,Standard Credit Card,85.0
USR_158,59d5aeef-0b84-4317-b0ad-16b51202a0d5,530,High Risk / Poor,1,P_01,Starter Credit Card,P_01,Starter Credit Card,P_02,Micro-Loan Lite,20.0
USR_159,28e6f012-6816-432a-8c94-f69dd723a7e6,730,Near-Prime / Medium Risk,3,P_03|P_02|P_01,Standard Credit Card|Micro-Loan Lite|Starter Credit Card,P_03,Standard Credit Card,P_04,Premium Personal Loan,20.0
USR_160,441108e5-aad5-4d0a-b5cd-384e97101516,415,High Risk / Poor,1,P_01,Starter Credit Card,P_01,Starter Credit Card,P_02,Micro-Loan Lite,135.0
USR_161,0f505b51-b4e9-4f59-8aa9-bfbc4cf9b289,680,Near-Prime / Medium Risk,3,P_03|P_02|P_01,Standard Credit Card|Micro-Loan Lite|Starter Credit Card,P_03,Standard Credit Card,P_04,Premium Personal Loan,70.0
USR_162,4577c8c3-2d94-4dd7-88f8-5fbaa7c47351,705,Near-Prime / Medium Risk,3,P_03|P_02|P_01,Standard Credit Card|Micro-Loan Lite|Starter Credit Card,P_03,Standard Credit Card,P_04,Premium Personal Loan,45.0
USR_163,816396c2-8868-4308-8932-44523cef5fc7,670,Near-Prime / Medium Risk,3,P_03|P_02|P_01,Standard Credit Card|Micro-Loan Lite|Starter Credit Card,P_03,Standard Credit Card,P_04,Premium Personal Loan,80.0
USR_164,9af962c6-58fc-477e-8dff-316a4a1a7c33,540,High Risk / Poor,1,P_01,Starter Credit Card,P_01,Starter Credit Card,P_02,Micro-Loan Lite,10.0
USR_165,c07e1166-6810-4140-9356-abcfd57a0d07,855,Prime / Low Risk,4,P_04|P_03|P_02|P_01,Premium Personal Loan|Standard Credit Card|Micro-Loan Lite|Starter Credit Card,P_04,Premium Personal Loan,,,0
USR_166,80273a1b-de06-436b-af08-d97aad73ba3d,880,Prime / Low Risk,4,P_04|P_03|P_02|P_01,Premium Personal Loan|Standard Credit Card|Micro-Loan Lite|Starter Credit Card,P_04,Premium Personal Loan,,,0
USR_167,4486f108-c5f0-488f-b74c-b20e12eef44e,820,Prime / Low Risk,4,P_04|P_03|P_02|P_01,Premium Personal Loan|Standard Credit Card|Micro-Loan Lite|Starter Credit Card,P_04,Premium Personal Loan,,,0
USR_168,790629ad-22ab-47f4-ad9c-e7f7f42fe61c,675,Near-Prime / Medium Risk,3,P_03|P_02|P_01,Standard Credit Card|Micro-Loan Lite|Starter Credit Card,P_03,Standard Credit Card,P_04,Premium Personal Loan,75.0
USR_169,d7ca6b08-f9be-4aa1-b492-2cad81b0054c,655,Near-Prime / Medium Risk,3,P_03|P_02|P_01,Standard Credit Card|Micro-Loan Lite|Starter Credit Card,P_03,Standard Credit Card,P_04,Premium Personal Loan,95.0
USR_170,a23f2adb-d223-48dc-aa33-627b92271449,775,Prime / Low Risk,4,P_04|P_03|P_02|P_01,Premium Personal Loan|Standard Credit Card|Micro-Loan Lite|Starter Credit Card,P_04,Premium Personal Loan,,,0
USR_171,42434a19-6dc3-44b5-be30-04e7b45035d7,580,Sub-Prime / Fair,2,P_02|P_01,Micro-Loan Lite|Starter Credit Card,P_02,Micro-Loan Lite,P_03,Standard Credit Card,70.0
USR_172,d8734934-6558-4385-aa4a-44d204f12a5f,640,Sub-Prime / Fair,2,P_02|P_01,Micro-Loan Lite|Starter Credit Card,P_02,Micro-Loan Lite,P_03,Standard Credit Card,10.0
USR_173,ed15f1b1-82f5-4619-ba85-a522361d2464,595,Sub-Prime / Fair,2,P_02|P_01,Micro-Loan Lite|Starter Credit Card,P_02,Micro-Loan Lite,P_03,Standard Credit Card,55.0
USR_174,a09ae682-2cb1-41c0-a6a0-80e1c570e80f,585,Sub-Prime / Fair,2,P_02|P_01,Micro-Loan Lite|Starter Credit Card,P_02,Micro-Loan Lite,P_03,Standard Credit Card,65.0
USR_175,fa4c132b-3492-45d4-9293-cb2d49024ec5,415,High Risk / Poor,1,P_01,Starter Credit Card,P_01,Starter Credit Card,P_02,Micro-Loan Lite,135.0
USR_176,d3dc557e-bfa1-4afb-a5b3-962d7633bf11,730,Near-Prime / Medium Risk,3,P_03|P_02|P_01,Standard Credit Card|Micro-Loan Lite|Starter Credit Card,P_03,Standard Credit Card,P_04,Premium Personal Loan,20.0
USR_177,1f9b28b6-6f24-4422-86f6-8f19f008e860,470,High Risk / Poor,1,P_01,Starter Credit Card,P_01,Starter Credit Card,P_02,Micro-Loan Lite,80.0
USR_178,d3872a92-4a09-4f04-8509-6bb683353500,655,Near-Prime / Medium Risk,3,P_03|P_02|P_01,Standard Credit Card|Micro-Loan Lite|Starter Credit Card,P_03,Standard Credit Card,P_04,Premium Personal Loan,95.0
USR_179,2d85daa3-a9a8-4ded-9e5d-1204ee3b3a27,420,High Risk / Poor,1,P_01,Starter Credit Card,P_01,Starter Credit Card,P_02,Micro-Loan Lite,130.0
USR_180,b4b8e5e3-7988-4f95-ac0b-e5767c769242,725,Near-Prime / Medium Risk,3,P_03|P_02|P_01,Standard Credit Card|Micro-Loan Lite|Starter Credit Card,P_03,Standard Credit Card,P_04,Premium Personal Loan,25.0
USR_181,e35101d6-4e70-4fe1-b859-7df88471b65c,655,Near-Prime / Medium Risk,3,P_03|P_02|P_01,Standard Credit Card|Micro-Loan Lite|Starter Credit Card,P_03,Standard Credit Card,P_04,Premium Personal Loan,95.0
USR_182,f38c4d05-b4dc-4441-b058-35d0d8195b45,650,Near-Prime / Medium Risk,3,P_03|P_02|P_01,Standard Credit Card|Micro-Loan Lite|Starter Credit Card,P_03,Standard Credit Card,P_04,Premium Personal Loan,100.0
USR_183,54f1b15c-d341-4203-865a-7d4179b5988a,615,Sub-Prime / Fair,2,P_02|P_01,Micro-Loan Lite|Starter Credit Card,P_02,Micro-Loan Lite,P_03,Standard Credit Card,35.0
USR_184,d1f52eb1-92c2-4fe0-b2ec-0c6f31bb49d0,730,Near-Prime / Medium Risk,3,P_03|P_02|P_01,Standard Credit Card|Micro-Loan Lite|Starter Credit Card,P_03,Standard Credit Card,P_04,Premium Personal Loan,20.0
USR_185,e135eb11-9a66-4f10-a412-44b29340870b,635,Sub-Prime / Fair,2,P_02|P_01,Micro-Loan Lite|Starter Credit Card,P_02,Micro-Loan Lite,P_03,Standard Credit Card,15.0
USR_186,c2588484-8178-4437-8ad2-cf9f8ce1da9f,700,Near-Prime / Medium Risk,3,P_03|P_02|P_01,Standard Credit Card|Micro-Loan Lite|Starter Credit Card,P_03,Standard Credit Card,P_04,Premium Personal Loan,50.0
USR_187,2340e1e3-8bda-4893-a858-cab0317856ad,420,High Risk / Poor,1,P_01,Starter Credit Card,P_01,Starter Credit Card,P_02,Micro-Loan Lite,130.0
USR_188,040f25de-fb7a-4676-81f9-04d123b3d682,790,Prime / Low Risk,4,P_04|P_03|P_02|P_01,Premium Personal Loan|Standard Credit Card|Micro-Loan Lite|Starter Credit Card,P_04,Premium Personal Loan,,,0
USR_189,2b31d77d-cdfd-4815-bf9b-d9eb029e58d5,710,Near-Prime / Medium Risk,3,P_03|P_02|P_01,Standard Credit Card|Micro-Loan Lite|Starter Credit Card,P_03,Standard Credit Card,P_04,Premium Personal Loan,40.0
USR_190,c20afa16-6d9c-40fd-b755-06371e5b2e9d,770,Prime / Low Risk,4,P_04|P_03|P_02|P_01,Premium Personal Loan|Standard Credit Card|Micro-Loan Lite|Starter Credit Card,P_04,Premium Personal Loan,,,0
USR_191,21999faf-e447-4c30-8c35-54a3d5ce806e,735,Near-Prime / Medium Risk,3,P_03|P_02|P_01,Standard Credit Card|Micro-Loan Lite|Starter Credit Card,P_03,Standard Credit Card,P_04,Premium Personal Loan,15.0
USR_192,ac312242-2217-408d-a735-0e06947b80d5,585,Sub-Prime / Fair,2,P_02|P_01,Micro-Loan Lite|Starter Credit Card,P_02,Micro-Loan Lite,P_03,Standard Credit Card,65.0
USR_193,5e5737dc-07b9-43af-ab18-d2150cec1bd4,400,High Risk / Poor,1,P_01,Starter Credit Card,P_01,Starter Credit Card,P_02,Micro-Loan Lite,150.0
USR_194,cee321b8-754e-430a-af0f-e7631bad600c,695,Near-Prime / Medium Risk,3,P_03|P_02|P_01,Standard Credit Card|Micro-Loan Lite|Starter Credit Card,P_03,Standard Credit Card,P_04,Premium Personal Loan,55.0
USR_195,f94f78fb-0b08-499f-af99-3380d1ec7db0,735,Near-Prime / Medium Risk,3,P_03|P_02|P_01,Standard Credit Card|Micro-Loan Lite|Starter Credit Card,P_03,Standard Credit Card,P_04,Premium Personal Loan,15.0
USR_196,a9b9ee05-e70a-4dea-b3d1-31e9f03d6dd2,530,High Risk / Poor,1,P_01,Starter Credit Card,P_01,Starter Credit Card,P_02,Micro-Loan Lite,20.0
USR_197,ebb5c9db-62fe-400c-9793-1a835b188059,675,Near-Prime / Medium Risk,3,P_03|P_02|P_01,Standard Credit Card|Micro-Loan Lite|Starter Credit Card,P_03,Standard Credit Card,P_04,Premium Personal Loan,75.0
USR_198,b42d9a41-31e3-4d62-88d0-36a20f59544c,580,Sub-Prime / Fair,2,P_02|P_01,Micro-Loan Lite|Starter Credit Card,P_02,Micro-Loan Lite,P_03,Standard Credit Card,70.0
USR_199,a10cd432-62db-4851-82a0-aea68105d7f3,620,Sub-Prime / Fair,2,P_02|P_01,Micro-Loan Lite|Starter Credit Card,P_02,Micro-Loan Lite,P_03,Standard Credit Card,30.0
USR_200,059feb1f-3cf1-4871-839e-495e4e7ef21b,615,Sub-Prime / Fair,2,P_02|P_01,Micro-Loan Lite|Starter Credit Card,P_02,Micro-Loan Lite,P_03,Standard Credit Card,35.0
USR_201,1feb1587-e820-4158-a9ae-d90400b41851,550,Sub-Prime / Fair,2,P_02|P_01,Micro-Loan Lite|Starter Credit Card,P_02,Micro-Loan Lite,P_03,Standard Credit Card,100.0
USR_202,70ec8ca2-14d9-49d1-b581-7760ca7c3d60,520,High Risk / Poor,1,P_01,Starter Credit Card,P_01,Starter Credit Card,P_02,Micro-Loan Lite,30.0
USR_203,c297be7d-f8d4-4585-b60c-619dde57b762,645,Sub-Prime / Fair,2,P_02|P_01,Micro-Loan Lite|Starter Credit Card,P_02,Micro-Loan Lite,P_03,Standard Credit Card,5.0
USR_204,f29fbc39-9999-4be9-ab17-86b90adfee9f,480,High Risk / Poor,1,P_01,Starter Credit Card,P_01,Starter Credit Card,P_02,Micro-Loan Lite,70.0
USR_205,a6e311fa-d130-42da-8afe-f043561eb10b,775,Prime / Low Risk,4,P_04|P_03|P_02|P_01,Premium Personal Loan|Standard Credit Card|Micro-Loan Lite|Starter Credit Card,P_04,Premium Personal Loan,,,0
USR_206,2c630ce4-129a-4c9c-a770-58aced001e49,585,Sub-Prime / Fair,2,P_02|P_01,Micro-Loan Lite|Starter Credit Card,P_02,Micro-Loan Lite,P_03,Standard Credit Card,65.0
USR_207,cf5b3335-a26a-4e81-80ad-15796e07c5c0,635,Sub-Prime / Fair,2,P_02|P_01,Micro-Loan Lite|Starter Credit Card,P_02,Micro-Loan Lite,P_03,Standard Credit Card,15.0
USR_208,31fea701-5e2e-4ead-8013-322bc05a1e1d,660,Near-Prime / Medium Risk,3,P_03|P_02|P_01,Standard Credit Card|Micro-Loan Lite|Starter Credit Card,P_03,Standard Credit Card,P_04,Premium Personal Loan,90.0
USR_209,d78bf91b-5e62-475e-95fb-fb4a04697067,690,Near-Prime / Medium Risk,3,P_03|P_02|P_01,Standard Credit Card|Micro-Loan Lite|Starter Credit Card,P_03,Standard Credit Card,P_04,Premium Personal Loan,60.0
USR_210,16409bfb-ed26-4f92-a6af-ffe6f3472e11,900,Prime / Low Risk,4,P_04|P_03|P_02|P_01,Premium Personal Loan|Standard Credit Card|Micro-Loan Lite|Starter Credit Card,P_04,Premium Personal Loan,,,0
USR_211,31fdaa9d-d83f-4a0b-a5e4-2398e9cdfe35,785,Prime / Low Risk,4,P_04|P_03|P_02|P_01,Premium Personal Loan|Standard Credit Card|Micro-Loan Lite|Starter Credit Card,P_04,Premium Personal Loan,,,0
USR_212,4ccab7d6-4bf8-4aa2-9192-899624dc5297,490,High Risk / Poor,1,P_01,Starter Credit Card,P_01,Starter Credit Card,P_02,Micro-Loan Lite,60.0
USR_213,7c4630c3-eb45-48d0-ab02-1adfc1fef302,630,Sub-Prime / Fair,2,P_02|P_01,Micro-Loan Lite|Starter Credit Card,P_02,Micro-Loan Lite,P_03,Standard Credit Card,20.0
USR_214,737ed43f-9299-46fd-8842-3e9e23990604,585,Sub-Prime / Fair,2,P_02|P_01,Micro-Loan Lite|Starter Credit Card,P_02,Micro-Loan Lite,P_03,Standard Credit Card,65.0
USR_215,647c5882-4e4a-4be2-a3c0-495bb35300b4,540,High Risk / Poor,1,P_01,Starter Credit Card,P_01,Starter Credit Card,P_02,Micro-Loan Lite,10.0
USR_216,215e258c-5c6e-4bde-8a6c-4046f6271546,530,High Risk / Poor,1,P_01,Starter Credit Card,P_01,Starter Credit Card,P_02,Micro-Loan Lite,20.0
USR_217,a48f132f-b61f-4970-874c-4e1a165413a0,595,Sub-Prime / Fair,2,P_02|P_01,Micro-Loan Lite|Starter Credit Card,P_02,Micro-Loan Lite,P_03,Standard Credit Card,55.0
USR_218,e56f6e25-a1da-4725-b89e-729f987c4393,820,Prime / Low Risk,4,P_04|P_03|P_02|P_01,Premium Personal Loan|Standard Credit Card|Micro-Loan Lite|Starter Credit Card,P_04,Premium Personal Loan,,,0
USR_219,084db500-ea16-49d3-ac30-82c7e16ca610,510,High Risk / Poor,1,P_01,Starter Credit Card,P_01,Starter Credit Card,P_02,Micro-Loan Lite,40.0
USR_220,755a3936-541e-4927-a9bd-a4e56bbdb65f,640,Sub-Prime / Fair,2,P_02|P_01,Micro-Loan Lite|Starter Credit Card,P_02,Micro-Loan Lite,P_03,Standard Credit Card,10.0
USR_221,02f513a3-56be-4be7-bc13-e43ee27e6d91,650,Near-Prime / Medium Risk,3,P_03|P_02|P_01,Standard Credit Card|Micro-Loan Lite|Starter Credit Card,P_03,Standard Credit Card,P_04,Premium Personal Loan,100.0
USR_222,fb562539-5df2-4dc3-8224-87f2f64b85d9,820,Prime / Low Risk,4,P_04|P_03|P_02|P_01,Premium Personal Loan|Standard Credit Card|Micro-Loan Lite|Starter Credit Card,P_04,Premium Personal Loan,,,0
USR_223,8953e592-0390-4890-a20d-d0ae2b9c626a,865,Prime / Low Risk,4,P_04|P_03|P_02|P_01,Premium Personal Loan|Standard Credit Card|Micro-Loan Lite|Starter Credit Card,P_04,Premium Personal Loan,,,0
USR_224,9e92c114-11bb-4354-93da-e3fcf2bb70f0,670,Near-Prime / Medium Risk,3,P_03|P_02|P_01,Standard Credit Card|Micro-Loan Lite|Starter Credit Card,P_03,Standard Credit Card,P_04,Premium Personal Loan,80.0
USR_225,530d1eb6-aa31-4020-a5f3-ea1fc6fecfb4,565,Sub-Prime / Fair,2,P_02|P_01,Micro-Loan Lite|Starter Credit Card,P_02,Micro-Loan Lite,P_03,Standard Credit Card,85.0
USR_226,0f1c5836-fb1e-4757-acdc-49fcaec970da,655,Near-Prime / Medium Risk,3,P_03|P_02|P_01,Standard Credit Card|Micro-Loan Lite|Starter Credit Card,P_03,Standard Credit Card,P_04,Premium Personal Loan,95.0
USR_227,3626cb00-fdcd-4fee-a054-9e104837d54f,725,Near-Prime / Medium Risk,3,P_03|P_02|P_01,Standard Credit Card|Micro-Loan Lite|Starter Credit Card,P_03,Standard Credit Card,P_04,Premium Personal Loan,25.0
USR_228,30aaa588-3719-4b13-813a-e97709e33729,420,High Risk / Poor,1,P_01,Starter Credit Card,P_01,Starter Credit Card,P_02,Micro-Loan Lite,130.0
USR_229,bba3b5e7-2a6f-4e79-b10d-d5b5a3798a3e,690,Near-Prime / Medium Risk,3,P_03|P_02|P_01,Standard Credit Card|Micro-Loan Lite|Starter Credit Card,P_03,Standard Credit Card,P_04,Premium Personal Loan,60.0
USR_230,22789da9-7f67-40ae-8485-ffb6b0717afa,710,Near-Prime / Medium Risk,3,P_03|P_02|P_01,Standard Credit Card|Micro-Loan Lite|Starter Credit Card,P_03,Standard Credit Card,P_04,Premium Personal Loan,40.0
USR_231,d0a9677d-3a12-4275-a7b6-3d3fdfd2940b,580,Sub-Prime / Fair,2,P_02|P_01,Micro-Loan Lite|Starter Credit Card,P_02,Micro-Loan Lite,P_03,Standard Credit Card,70.0
USR_232,24b6837f-224d-41fb-87cb-a4b12d1fa0b3,585,Sub-Prime / Fair,2,P_02|P_01,Micro-Loan Lite|Starter Credit Card,P_02,Micro-Loan Lite,P_03,Standard Credit Card,65.0
USR_233,72a9071d-a338-41d2-917d-beb67b63d17a,595,Sub-Prime / Fair,2,P_02|P_01,Micro-Loan Lite|Starter Credit Card,P_02,Micro-Loan Lite,P_03,Standard Credit Card,55.0
USR_234,7473faca-7a95-465e-ac7a-b20c7149c37f,795,Prime / Low Risk,4,P_04|P_03|P_02|P_01,Premium Personal Loan|Standard Credit Card|Micro-Loan Lite|Starter Credit Card,P_04,Premium Personal Loan,,,0
USR_235,76eae53a-216b-4c1e-a35a-7bcba7ef7762,415,High Risk / Poor,1,P_01,Starter Credit Card,P_01,Starter Credit Card,P_02,Micro-Loan Lite,135.0
USR_236,3d1e05b0-e506-4421-86e5-f9d5ad308546,560,Sub-Prime / Fair,2,P_02|P_01,Micro-Loan Lite|Starter Credit Card,P_02,Micro-Loan Lite,P_03,Standard Credit Card,90.0
USR_237,339f9b30-be94-4174-97a9-d22d4c015644,695,Near-Prime / Medium Risk,3,P_03|P_02|P_01,Standard Credit Card|Micro-Loan Lite|Starter Credit Card,P_03,Standard Credit Card,P_04,Premium Personal Loan,55.0
USR_238,93cc5dfb-c803-4eff-bd16-7a4107f8fc29,830,Prime / Low Risk,4,P_04|P_03|P_02|P_01,Premium Personal Loan|Standard Credit Card|Micro-Loan Lite|Starter Credit Card,P_04,Premium Personal Loan,,,0
USR_239,0f7b1bf1-d6fb-4a82-8f4f-2c80bfaf2109,590,Sub-Prime / Fair,2,P_02|P_01,Micro-Loan Lite|Starter Credit Card,P_02,Micro-Loan Lite,P_03,Standard Credit Card,60.0
USR_240,381da1d3-8dac-4470-9b51-d9d6a380c19f,490,High Risk / Poor,1,P_01,Starter Credit Card,P_01,Starter Credit Card,P_02,Micro-Loan Lite,60.0
USR_241,15e61838-e7b7-4bce-a35f-c59dd4e9bfa0,785,Prime / Low Risk,4,P_04|P_03|P_02|P_01,Premium Personal Loan|Standard Credit Card|Micro-Loan Lite|Starter Credit Card,P_04,Premium Personal Loan,,,0
USR_242,4418a475-decc-42c8-8526-8fbb78bd0e3d,620,Sub-Prime / Fair,2,P_02|P_01,Micro-Loan Lite|Starter Credit Card,P_02,Micro-Loan Lite,P_03,Standard Credit Card,30.0
USR_243,2fa9dba4-089b-46bc-8df5-9622ba7957a2,795,Prime / Low Risk,4,P_04|P_03|P_02|P_01,Premium Personal Loan|Standard Credit Card|Micro-Loan Lite|Starter Credit Card,P_04,Premium Personal Loan,,,0
USR_244,046cf11d-3acc-4ca8-9023-57c6620d6184,520,High Risk / Poor,1,P_01,Starter Credit Card,P_01,Starter Credit Card,P_02,Micro-Loan Lite,30.0
USR_245,608ee101-f608-4df4-bb68-88444c626759,630,Sub-Prime / Fair,2,P_02|P_01,Micro-Loan Lite|Starter Credit Card,P_02,Micro-Loan Lite,P_03,Standard Credit Card,20.0
USR_246,d99cd877-13c9-4441-b3f7-5fc64981a633,695,Near-Prime / Medium Risk,3,P_03|P_02|P_01,Standard Credit Card|Micro-Loan Lite|Starter Credit Card,P_03,Standard Credit Card,P_04,Premium Personal Loan,55.0
USR_247,a4ebf9f3-2779-4c22-81ab-32758701e5f5,785,Prime / Low Risk,4,P_04|P_03|P_02|P_01,Premium Personal Loan|Standard Credit Card|Micro-Loan Lite|Starter Credit Card,P_04,Premium Personal Loan,,,0
USR_248,d31473eb-0347-42d7-a69a-80176a04fcda,680,Near-Prime / Medium Risk,3,P_03|P_02|P_01,Standard Credit Card|Micro-Loan Lite|Starter Credit Card,P_03,Standard Credit Card,P_04,Premium Personal Loan,70.0
USR_249,f600ed76-2132-40ba-ba86-cf94409276c8,370,High Risk / Poor,1,P_01,Starter Credit Card,P_01,Starter Credit Card,P_02,Micro-Loan Lite,180.0
USR_250,a077f629-c7f9-4d0c-8780-39731fd76a0a,515,High Risk / Poor,1,P_01,Starter Credit Card,P_01,Starter Credit Card,P_02,Micro-Loan Lite,35.0
USR_251,7390adac-43f2-46c4-a141-b02143a845db,880,Prime / Low Risk,4,P_04|P_03|P_02|P_01,Premium Personal Loan|Standard Credit Card|Micro-Loan Lite|Starter Credit Card,P_04,Premium Personal Loan,,,0
USR_252,2ecf47e9-d877-4d96-b0a0-7461f979d3eb,425,High Risk / Poor,1,P_01,Starter Credit Card,P_01,Starter Credit Card,P_02,Micro-Loan Lite,125.0
USR_253,b4467ad1-d717-4b96-a669-e0a61ac0c326,690,Near-Prime / Medium Risk,3,P_03|P_02|P_01,Standard Credit Card|Micro-Loan Lite|Starter Credit Card,P_03,Standard Credit Card,P_04,Premium Personal Loan,60.0
USR_254,4b5173a9-5603-4126-81a5-937bdfd5d4b3,625,Sub-Prime / Fair,2,P_02|P_01,Micro-Loan Lite|Starter Credit Card,P_02,Micro-Loan Lite,P_03,Standard Credit Card,25.0
USR_255,82b41fa2-0b44-4781-83d3-84f0dbc6bf67,640,Sub-Prime / Fair,2,P_02|P_01,Micro-Loan Lite|Starter Credit Card,P_02,Micro-Loan Lite,P_03,Standard Credit Card,10.0
USR_256,17b829c4-f5ac-41cc-a4be-3da9b5ea8596,825,Prime / Low Risk,4,P_04|P_03|P_02|P_01,Premium Personal Loan|Standard Credit Card|Micro-Loan Lite|Starter Credit Card,P_04,Premium Personal Loan,,,0
USR_257,e673268d-f916-4d60-811d-50eedc16591e,510,High Risk / Poor,1,P_01,Starter Credit Card,P_01,Starter Credit Card,P_02,Micro-Loan Lite,40.0
USR_258,30400d4e-b4a9-4a85-987f-8435357e29f0,400,High Risk / Poor,1,P_01,Starter Credit Card,P_01,Starter Credit Card,P_02,Micro-Loan Lite,150.0
USR_259,82c98232-c6e9-43b5-afa9-f73cd8623210,665,Near-Prime / Medium Risk,3,P_03|P_02|P_01,Standard Credit Card|Micro-Loan Lite|Starter Credit Card,P_03,Standard Credit Card,P_04,Premium Personal Loan,85.0
USR_260,866214b8-88b4-4576-9d53-5a808f1adea3,755,Prime / Low Risk,4,P_04|P_03|P_02|P_01,Premium Personal Loan|Standard Credit Card|Micro-Loan Lite|Starter Credit Card,P_04,Premium Personal Loan,,,0
USR_261,29396b77-12bd-40b0-a427-1f3eb5f90493,805,Prime / Low Risk,4,P_04|P_03|P_02|P_01,Premium Personal Loan|Standard Credit Card|Micro-Loan Lite|Starter Credit Card,P_04,Premium Personal Loan,,,0
USR_262,a0fb4f15-018a-4693-b10a-ae45888d22fe,960,Prime / Low Risk,4,P_04|P_03|P_02|P_01,Premium Personal Loan|Standard Credit Card|Micro-Loan Lite|Starter Credit Card,P_04,Premium Personal Loan,,,0
USR_263,4213e421-8d01-471c-b567-46936d1d6319,505,High Risk / Poor,1,P_01,Starter Credit Card,P_01,Starter Credit Card,P_02,Micro-Loan Lite,45.0
USR_264,9b82fc0b-236b-4324-8689-edc56b458316,420,High Risk / Poor,1,P_01,Starter Credit Card,P_01,Starter Credit Card,P_02,Micro-Loan Lite,130.0
USR_265,ffb48ac4-158f-4023-9081-11d650df88f5,775,Prime / Low Risk,4,P_04|P_03|P_02|P_01,Premium Personal Loan|Standard Credit Card|Micro-Loan Lite|Starter Credit Card,P_04,Premium Personal Loan,,,0
USR_266,b310cfd8-74f8-4b04-b43a-748dff8a90a0,605,Sub-Prime / Fair,2,P_02|P_01,Micro-Loan Lite|Starter Credit Card,P_02,Micro-Loan Lite,P_03,Standard Credit Card,45.0
USR_267,3e1dc08a-d8be-4142-9973-9932347c4747,610,Sub-Prime / Fair,2,P_02|P_01,Micro-Loan Lite|Starter Credit Card,P_02,Micro-Loan Lite,P_03,Standard Credit Card,40.0
USR_268,2093be7a-8917-442d-93e7-e89579d1fcf6,525,High Risk / Poor,1,P_01,Starter Credit Card,P_01,Starter Credit Card,P_02,Micro-Loan Lite,25.0
USR_269,1a185ce9-b708-4d1f-921e-9a5891e08d95,720,Near-Prime / Medium Risk,3,P_03|P_02|P_01,Standard Credit Card|Micro-Loan Lite|Starter Credit Card,P_03,Standard Credit Card,P_04,Premium Personal Loan,30.0
USR_270,84fc5a55-061d-4c01-8224-59d12affccbc,600,Sub-Prime / Fair,2,P_02|P_01,Micro-Loan Lite|Starter Credit Card,P_02,Micro-Loan Lite,P_03,Standard Credit Card,50.0
USR_271,10d846de-1d27-42ef-846c-ff466208833d,455,High Risk / Poor,1,P_01,Starter Credit Card,P_01,Starter Credit Card,P_02,Micro-Loan Lite,95.0
USR_272,68fa543e-63b0-40d2-a726-de87d0d98b5c,610,Sub-Prime / Fair,2,P_02|P_01,Micro-Loan Lite|Starter Credit Card,P_02,Micro-Loan Lite,P_03,Standard Credit Card,40.0
USR_273,dbff27ac-67b4-48ea-8b64-3c6604544a0e,555,Sub-Prime / Fair,2,P_02|P_01,Micro-Loan Lite|Starter Credit Card,P_02,Micro-Loan Lite,P_03,Standard Credit Card,95.0
USR_274,9f15743c-e84a-47ec-b4ee-dd69eadd6cda,770,Prime / Low Risk,4,P_04|P_03|P_02|P_01,Premium Personal Loan|Standard Credit Card|Micro-Loan Lite|Starter Credit Card,P_04,Premium Personal Loan,,,0
USR_275,d8b30ffa-a27e-490b-9b1a-44e92c44bc8b,585,Sub-Prime / Fair,2,P_02|P_01,Micro-Loan Lite|Starter Credit Card,P_02,Micro-Loan Lite,P_03,Standard Credit Card,65.0
USR_276,dce33928-8e6a-429d-b3ae-1eca6b838cc0,450,High Risk / Poor,1,P_01,Starter Credit Card,P_01,Starter Credit Card,P_02,Micro-Loan Lite,100.0
USR_277,189d580c-85d4-44df-bb06-ebf0e29e56e6,445,High Risk / Poor,1,P_01,Starter Credit Card,P_01,Starter Credit Card,P_02,Micro-Loan Lite,105.0
USR_278,361c5453-c5a9-48c7-b009-481978ad3a1b,740,Near-Prime / Medium Risk,3,P_03|P_02|P_01,Standard Credit Card|Micro-Loan Lite|Starter Credit Card,P_03,Standard Credit Card,P_04,Premium Personal Loan,10.0
USR_279,4855410d-614b-44f5-a73c-95797ca66674,810,Prime / Low Risk,4,P_04|P_03|P_02|P_01,Premium Personal Loan|Standard Credit Card|Micro-Loan Lite|Starter Credit Card,P_04,Premium Personal Loan,,,0
USR_280,115fb8a1-a18d-461a-94da-7f204dc56b71,710,Near-Prime / Medium Risk,3,P_03|P_02|P_01,Standard Credit Card|Micro-Loan Lite|Starter Credit Card,P_03,Standard Credit Card,P_04,Premium Personal Loan,40.0
USR_281,62531a1b-15d8-4e63-83f9-ceaa1d3d6647,685,Near-Prime / Medium Risk,3,P_03|P_02|P_01,Standard Credit Card|Micro-Loan Lite|Starter Credit Card,P_03,Standard Credit Card,P_04,Premium Personal Loan,65.0
USR_282,7a1b8c4c-b77f-4bae-8589-8c8b2a9d0b8c,495,High Risk / Poor,1,P_01,Starter Credit Card,P_01,Starter Credit Card,P_02,Micro-Loan Lite,55.0
USR_283,f97f365c-765c-4e2c-8f21-99c40a04c4c2,690,Near-Prime / Medium Risk,3,P_03|P_02|P_01,Standard Credit Card|Micro-Loan Lite|Starter Credit Card,P_03,Standard Credit Card,P_04,Premium Personal Loan,60.0
USR_284,f293d9e6-d61a-4f33-ba8c-13789e621e8b,665,Near-Prime / Medium Risk,3,P_03|P_02|P_01,Standard Credit Card|Micro-Loan Lite|Starter Credit Card,P_03,Standard Credit Card,P_04,Premium Personal Loan,85.0
USR_285,b1cc7b9e-3af7-4522-a8ac-30573c882739,495,High Risk / Poor,1,P_01,Starter Credit Card,P_01,Starter Credit Card,P_02,Micro-Loan Lite,55.0
USR_286,5c1c009c-d5aa-4aca-86dd-1fb9423b775b,540,High Risk / Poor,1,P_01,Starter Credit Card,P_01,Starter Credit Card,P_02,Micro-Loan Lite,10.0
USR_287,7b874882-299b-4e54-860d-9dec653a8310,590,Sub-Prime / Fair,2,P_02|P_01,Micro-Loan Lite|Starter Credit Card,P_02,Micro-Loan Lite,P_03,Standard Credit Card,60.0
USR_288,20211843-0514-4f7f-ac93-9fdaa4fee8c7,710,Near-Prime / Medium Risk,3,P_03|P_02|P_01,Standard Credit Card|Micro-Loan Lite|Starter Credit Card,P_03,Standard Credit Card,P_04,Premium Personal Loan,40.0
USR_289,a3251274-7e14-4181-a5ae-f9d9940f87b1,750,Prime / Low Risk,4,P_04|P_03|P_02|P_01,Premium Personal Loan|Standard Credit Card|Micro-Loan Lite|Starter Credit Card,P_04,Premium Personal Loan,,,0
USR_290,e6e39118-3aeb-43ce-95e8-a477021a6198,605,Sub-Prime / Fair,2,P_02|P_01,Micro-Loan Lite|Starter Credit Card,P_02,Micro-Loan Lite,P_03,Standard Credit Card,45.0
USR_291,c88a9dff-2f52-4ae7-b428-fe442a99c1f6,275,High Risk / Poor,0,,,,,P_01,Starter Credit Card,75.0
USR_292,dcae897f-8528-4a7a-b34b-31771635d60a,635,Sub-Prime / Fair,2,P_02|P_01,Micro-Loan Lite|Starter Credit Card,P_02,Micro-Loan Lite,P_03,Standard Credit Card,15.0
USR_293,bb5c77e0-1d28-4cf8-963a-34358dd4c0e0,780,Prime / Low Risk,4,P_04|P_03|P_02|P_01,Premium Personal Loan|Standard Credit Card|Micro-Loan Lite|Starter Credit Card,P_04,Premium Personal Loan,,,0
USR_294,70458923-f07e-45b5-8d75-80078b076ecb,555,Sub-Prime / Fair,2,P_02|P_01,Micro-Loan Lite|Starter Credit Card,P_02,Micro-Loan Lite,P_03,Standard Credit Card,95.0
USR_295,23e64637-44b5-4b66-abd6-6a1c9217fa08,710,Near-Prime / Medium Risk,3,P_03|P_02|P_01,Standard Credit Card|Micro-Loan Lite|Starter Credit Card,P_03,Standard Credit Card,P_04,Premium Personal Loan,40.0
USR_296,bf0080e2-7d65-4978-950f-dec98541ad88,630,Sub-Prime / Fair,2,P_02|P_01,Micro-Loan Lite|Starter Credit Card,P_02,Micro-Loan Lite,P_03,Standard Credit Card,20.0
USR_297,a8387101-4422-4865-a20e-f24b0f1f9195,675,Near-Prime / Medium Risk,3,P_03|P_02|P_01,Standard Credit Card|Micro-Loan Lite|Starter Credit Card,P_03,Standard Credit Card,P_04,Premium Personal Loan,75.0
USR_298,dd32d490-7a9c-498f-9b8c-5498225ae680,555,Sub-Prime / Fair,2,P_02|P_01,Micro-Loan Lite|Starter Credit Card,P_02,Micro-Loan Lite,P_03,Standard Credit Card,95.0
USR_299,a6df8b97-496a-43d4-98f7-3a84495e6faa,725,Near-Prime / Medium Risk,3,P_03|P_02|P_01,Standard Credit Card|Micro-Loan Lite|Starter Credit Card,P_03,Standard Credit Card,P_04,Premium Personal Loan,25.0
USR_300,b5fc9ac3-2860-44ca-acfb-67a959df8ef4,680,Near-Prime / Medium Risk,3,P_03|P_02|P_01,Standard Credit Card|Micro-Loan Lite|Starter Credit Card,P_03,Standard Credit Card,P_04,Premium Personal Loan,70.0
USR_301,e4b8f3fd-fc8a-4414-ad30-c47670bd774e,875,Prime / Low Risk,4,P_04|P_03|P_02|P_01,Premium Personal Loan|Standard Credit Card|Micro-Loan Lite|Starter Credit Card,P_04,Premium Personal Loan,,,0
USR_302,91bc720e-49db-465c-ab93-bc4d75b74306,545,High Risk / Poor,1,P_01,Starter Credit Card,P_01,Starter Credit Card,P_02,Micro-Loan Lite,5.0
USR_303,0ffb6f26-d0a5-4499-8ae3-5e59042b4b90,610,Sub-Prime / Fair,2,P_02|P_01,Micro-Loan Lite|Starter Credit Card,P_02,Micro-Loan Lite,P_03,Standard Credit Card,40.0
USR_304,34252c52-c1b5-41ae-b7b7-1aa0c80a357f,470,High Risk / Poor,1,P_01,Starter Credit Card,P_01,Starter Credit Card,P_02,Micro-Loan Lite,80.0
USR_305,2028a0bd-c717-4be5-8972-773227cdbfb6,595,Sub-Prime / Fair,2,P_02|P_01,Micro-Loan Lite|Starter Credit Card,P_02,Micro-Loan Lite,P_03,Standard Credit Card,55.0
USR_306,629e2a00-df19-4cc8-b428-6e72995ad891,535,High Risk / Poor,1,P_01,Starter Credit Card,P_01,Starter Credit Card,P_02,Micro-Loan Lite,15.0
USR_307,7e81f00c-03e4-47d7-899b-f6c284b4e5e1,695,Near-Prime / Medium Risk,3,P_03|P_02|P_01,Standard Credit Card|Micro-Loan Lite|Starter Credit Card,P_03,Standard Credit Card,P_04,Premium Personal Loan,55.0
USR_308,43ec2fd0-d716-47a5-b910-cdc03fda7f89,720,Near-Prime / Medium Risk,3,P_03|P_02|P_01,Standard Credit Card|Micro-Loan Lite|Starter Credit Card,P_03,Standard Credit Card,P_04,Premium Personal Loan,30.0
USR_309,0705f2a3-181c-4c71-a30f-8d1548976f78,730,Near-Prime / Medium Risk,3,P_03|P_02|P_01,Standard Credit Card|Micro-Loan Lite|Starter Credit Card,P_03,Standard Credit Card,P_04,Premium Personal Loan,20.0
USR_310,0f6455c0-4a16-4327-92b9-1b53c09dfd64,575,Sub-Prime / Fair,2,P_02|P_01,Micro-Loan Lite|Starter Credit Card,P_02,Micro-Loan Lite,P_03,Standard Credit Card,75.0
USR_311,7d84ba84-57c2-47dc-8597-39d33c4bf01d,485,High Risk / Poor,1,P_01,Starter Credit Card,P_01,Starter Credit Card,P_02,Micro-Loan Lite,65.0
USR_312,1d082b51-0e7a-43ed-a9e7-c7d519201146,800,Prime / Low Risk,4,P_04|P_03|P_02|P_01,Premium Personal Loan|Standard Credit Card|Micro-Loan Lite|Starter Credit Card,P_04,Premium Personal Loan,,,0
USR_313,018dda3a-a59e-43d5-a549-542f27583f75,555,Sub-Prime / Fair,2,P_02|P_01,Micro-Loan Lite|Starter Credit Card,P_02,Micro-Loan Lite,P_03,Standard Credit Card,95.0
USR_314,229a0300-991f-4747-90c6-099e1d0a7c03,545,High Risk / Poor,1,P_01,Starter Credit Card,P_01,Starter Credit Card,P_02,Micro-Loan Lite,5.0
USR_315,4e211c20-25b7-43c1-a248-af6f0e1e548a,735,Near-Prime / Medium Risk,3,P_03|P_02|P_01,Standard Credit Card|Micro-Loan Lite|Starter Credit Card,P_03,Standard Credit Card,P_04,Premium Personal Loan,15.0
USR_316,5155ddbc-cbf1-4dca-9722-c342cca04cf4,715,Near-Prime / Medium Risk,3,P_03|P_02|P_01,Standard Credit Card|Micro-Loan Lite|Starter Credit Card,P_03,Standard Credit Card,P_04,Premium Personal Loan,35.0
USR_317,57af7111-5701-4278-9a2c-ae4533691605,715,Near-Prime / Medium Risk,3,P_03|P_02|P_01,Standard Credit Card|Micro-Loan Lite|Starter Credit Card,P_03,Standard Credit Card,P_04,Premium Personal Loan,35.0
USR_318,117c8f73-949b-4a8d-af16-eb4362bccf5c,590,Sub-Prime / Fair,2,P_02|P_01,Micro-Loan Lite|Starter Credit Card,P_02,Micro-Loan Lite,P_03,Standard Credit Card,60.0
USR_319,274764f6-cfe7-4393-9369-5315baf99564,615,Sub-Prime / Fair,2,P_02|P_01,Micro-Loan Lite|Starter Credit Card,P_02,Micro-Loan Lite,P_03,Standard Credit Card,35.0
USR_320,328100b6-a1c0-4dac-82d5-b46f87c34d2b,565,Sub-Prime / Fair,2,P_02|P_01,Micro-Loan Lite|Starter Credit Card,P_02,Micro-Loan Lite,P_03,Standard Credit Card,85.0
USR_321,46be5203-8480-4eb4-84de-6616929bf7b4,785,Prime / Low Risk,4,P_04|P_03|P_02|P_01,Premium Personal Loan|Standard Credit Card|Micro-Loan Lite|Starter Credit Card,P_04,Premium Personal Loan,,,0
USR_322,b4f7eb8e-3b7d-4422-bffb-8e0fc32037fc,810,Prime / Low Risk,4,P_04|P_03|P_02|P_01,Premium Personal Loan|Standard Credit Card|Micro-Loan Lite|Starter Credit Card,P_04,Premium Personal Loan,,,0
USR_323,6b129b81-3465-41f0-bd8b-607c532f640b,670,Near-Prime / Medium Risk,3,P_03|P_02|P_01,Standard Credit Card|Micro-Loan Lite|Starter Credit Card,P_03,Standard Credit Card,P_04,Premium Personal Loan,80.0
USR_324,807b5d61-2109-4e00-8eab-d3f73ba1c48f,495,High Risk / Poor,1,P_01,Starter Credit Card,P_01,Starter Credit Card,P_02,Micro-Loan Lite,55.0
USR_325,21241bad-5747-4ca4-81cd-0cdb78ca706e,710,Near-Prime / Medium Risk,3,P_03|P_02|P_01,Standard Credit Card|Micro-Loan Lite|Starter Credit Card,P_03,Standard Credit Card,P_04,Premium Personal Loan,40.0
USR_326,fa6316ad-b7dd-482a-8ee9-4ea9fe0035c1,860,Prime / Low Risk,4,P_04|P_03|P_02|P_01,Premium Personal Loan|Standard Credit Card|Micro-Loan Lite|Starter Credit Card,P_04,Premium Personal Loan,,,0
USR_327,1bad773b-3f8b-4d30-920a-00bc6e8da69a,335,High Risk / Poor,0,,,,,P_01,Starter Credit Card,15.0
USR_328,55a2b7e1-4e2a-4ace-82be-155ec0e8f0f3,985,Prime / Low Risk,4,P_04|P_03|P_02|P_01,Premium Personal Loan|Standard Credit Card|Micro-Loan Lite|Starter Credit Card,P_04,Premium Personal Loan,,,0
USR_329,78fbd4ad-70e2-469a-99fd-2f35aca3bc9b,490,High Risk / Poor,1,P_01,Starter Credit Card,P_01,Starter Credit Card,P_02,Micro-Loan Lite,60.0
USR_330,7e4bb55a-c45d-4a89-a3a4-abb183387d51,735,Near-Prime / Medium Risk,3,P_03|P_02|P_01,Standard Credit Card|Micro-Loan Lite|Starter Credit Card,P_03,Standard Credit Card,P_04,Premium Personal Loan,15.0
USR_331,3606bf2c-8f6a-4db1-80a6-7e2a3d996b74,440,High Risk / Poor,1,P_01,Starter Credit Card,P_01,Starter Credit Card,P_02,Micro-Loan Lite,110.0
USR_332,c90d9f32-41aa-45d5-aff7-fde195a1b942,640,Sub-Prime / Fair,2,P_02|P_01,Micro-Loan Lite|Starter Credit Card,P_02,Micro-Loan Lite,P_03,Standard Credit Card,10.0
USR_333,4d761698-95cd-4ade-ba1b-74a8e3b20349,635,Sub-Prime / Fair,2,P_02|P_01,Micro-Loan Lite|Starter Credit Card,P_02,Micro-Loan Lite,P_03,Standard Credit Card,15.0
USR_334,64710ba3-d150-4fc4-b966-c6aca5c0f46d,715,Near-Prime / Medium Risk,3,P_03|P_02|P_01,Standard Credit Card|Micro-Loan Lite|Starter Credit Card,P_03,Standard Credit Card,P_04,Premium Personal Loan,35.0
USR_335,7c4526fa-736e-43fb-bdc0-fbde90f82050,735,Near-Prime / Medium Risk,3,P_03|P_02|P_01,Standard Credit Card|Micro-Loan Lite|Starter Credit Card,P_03,Standard Credit Card,P_04,Premium Personal Loan,15.0
USR_336,ef551d86-ea25-4e77-9538-037bf126c1d9,870,Prime / Low Risk,4,P_04|P_03|P_02|P_01,Premium Personal Loan|Standard Credit Card|Micro-Loan Lite|Starter Credit Card,P_04,Premium Personal Loan,,,0
USR_337,5e14bacb-b396-408a-a926-dc64a8361d69,790,Prime / Low Risk,4,P_04|P_03|P_02|P_01,Premium Personal Loan|Standard Credit Card|Micro-Loan Lite|Starter Credit Card,P_04,Premium Personal Loan,,,0
USR_338,c134b6f2-5448-4f09-bf2b-2d5da3f5ef3e,670,Near-Prime / Medium Risk,3,P_03|P_02|P_01,Standard Credit Card|Micro-Loan Lite|Starter Credit Card,P_03,Standard Credit Card,P_04,Premium Personal Loan,80.0
USR_339,28ba8d25-29ef-4a7c-9f25-31f6563a0e87,690,Near-Prime / Medium Risk,3,P_03|P_02|P_01,Standard Credit Card|Micro-Loan Lite|Starter Credit Card,P_03,Standard Credit Card,P_04,Premium Personal Loan,60.0
USR_340,04af1949-0edf-46c8-9128-5b3e0da5ce3e,670,Near-Prime / Medium Risk,3,P_03|P_02|P_01,Standard Credit Card|Micro-Loan Lite|Starter Credit Card,P_03,Standard Credit Card,P_04,Premium Personal Loan,80.0
USR_341,09fee15a-67bb-4cf5-9950-900ee715773d,580,Sub-Prime / Fair,2,P_02|P_01,Micro-Loan Lite|Starter Credit Card,P_02,Micro-Loan Lite,P_03,Standard Credit Card,70.0
USR_342,827a4228-9e5b-4120-a9ac-ac4b6734e5b1,560,Sub-Prime / Fair,2,P_02|P_01,Micro-Loan Lite|Starter Credit Card,P_02,Micro-Loan Lite,P_03,Standard Credit Card,90.0
USR_343,b1ad70ee-4b88-4af6-96e2-0dc1d2c714d0,770,Prime / Low Risk,4,P_04|P_03|P_02|P_01,Premium Personal Loan|Standard Credit Card|Micro-Loan Lite|Starter Credit Card,P_04,Premium Personal Loan,,,0
USR_344,ed5679f8-748f-4cb4-9ab1-9d7620eed029,660,Near-Prime / Medium Risk,3,P_03|P_02|P_01,Standard Credit Card|Micro-Loan Lite|Starter Credit Card,P_03,Standard Credit Card,P_04,Premium Personal Loan,90.0
USR_345,f20f3140-68de-42b5-a5f8-fb0dc611618d,675,Near-Prime / Medium Risk,3,P_03|P_02|P_01,Standard Credit Card|Micro-Loan Lite|Starter Credit Card,P_03,Standard Credit Card,P_04,Premium Personal Loan,75.0
USR_346,ee063840-4248-4677-8363-593375f9d425,520,High Risk / Poor,1,P_01,Starter Credit Card,P_01,Starter Credit Card,P_02,Micro-Loan Lite,30.0
USR_347,8bb7c4d5-ee3d-4483-9fe1-0f955afbe407,735,Near-Prime / Medium Risk,3,P_03|P_02|P_01,Standard Credit Card|Micro-Loan Lite|Starter Credit Card,P_03,Standard Credit Card,P_04,Premium Personal Loan,15.0
USR_348,6e4ae8c5-a4fb-424c-a849-1c065e927e28,580,Sub-Prime / Fair,2,P_02|P_01,Micro-Loan Lite|Starter Credit Card,P_02,Micro-Loan Lite,P_03,Standard Credit Card,70.0
USR_349,07e0ec85-87d1-4418-ae5c-cee4be57da87,845,Prime / Low Risk,4,P_04|P_03|P_02|P_01,Premium Personal Loan|Standard Credit Card|Micro-Loan Lite|Starter Credit Card,P_04,Premium Personal Loan,,,0
USR_350,a17ee3c7-c4a4-4be8-9b7c-6a7b7fca7c06,830,Prime / Low Risk,4,P_04|P_03|P_02|P_01,Premium Personal Loan|Standard Credit Card|Micro-Loan Lite|Starter Credit Card,P_04,Premium Personal Loan,,,0
USR_351,a3cf371f-3527-4906-a06a-17e795b977c8,425,High Risk / Poor,1,P_01,Starter Credit Card,P_01,Starter Credit Card,P_02,Micro-Loan Lite,125.0
USR_352,e11c962b-fe7d-49e7-a9c9-f34251570824,770,Prime / Low Risk,4,P_04|P_03|P_02|P_01,Premium Personal Loan|Standard Credit Card|Micro-Loan Lite|Starter Credit Card,P_04,Premium Personal Loan,,,0
USR_353,75ea74ee-a743-4b04-8cd4-10a787d986f7,555,Sub-Prime / Fair,2,P_02|P_01,Micro-Loan Lite|Starter Credit Card,P_02,Micro-Loan Lite,P_03,Standard Credit Card,95.0
USR_354,b4265c1c-bf17-424e-95d7-a66a701e08ae,550,Sub-Prime / Fair,2,P_02|P_01,Micro-Loan Lite|Starter Credit Card,P_02,Micro-Loan Lite,P_03,Standard Credit Card,100.0
USR_355,29724887-2734-4a0e-8053-6e5ac5f8f03c,805,Prime / Low Risk,4,P_04|P_03|P_02|P_01,Premium Personal Loan|Standard Credit Card|Micro-Loan Lite|Starter Credit Card,P_04,Premium Personal Loan,,,0
USR_356,f3440572-9151-4286-8be3-44c1473035c7,790,Prime / Low Risk,4,P_04|P_03|P_02|P_01,Premium Personal Loan|Standard Credit Card|Micro-Loan Lite|Starter Credit Card,P_04,Premium Personal Loan,,,0
USR_357,ba85e629-2d50-4741-90c9-d2d0df8a07d0,640,Sub-Prime / Fair,2,P_02|P_01,Micro-Loan Lite|Starter Credit Card,P_02,Micro-Loan Lite,P_03,Standard Credit Card,10.0
USR_358,bb1264ce-bcdd-47e9-9c74-f24cf8dfbd40,580,Sub-Prime / Fair,2,P_02|P_01,Micro-Loan Lite|Starter Credit Card,P_02,Micro-Loan Lite,P_03,Standard Credit Card,70.0
USR_359,a2d67809-5ae3-4741-b2ad-a76b08a1dd86,510,High Risk / Poor,1,P_01,Starter Credit Card,P_01,Starter Credit Card,P_02,Micro-Loan Lite,40.0
USR_360,e96ae63c-3229-4640-8084-6e2530e51e96,715,Near-Prime / Medium Risk,3,P_03|P_02|P_01,Standard Credit Card|Micro-Loan Lite|Starter Credit Card,P_03,Standard Credit Card,P_04,Premium Personal Loan,35.0
USR_361,bbb01373-8aec-4175-9a71-b00a1b8db442,485,High Risk / Poor,1,P_01,Starter Credit Card,P_01,Starter Credit Card,P_02,Micro-Loan Lite,65.0
USR_362,9436eb1e-78e4-457a-b4a0-c41fe2a9ba2f,580,Sub-Prime / Fair,2,P_02|P_01,Micro-Loan Lite|Starter Credit Card,P_02,Micro-Loan Lite,P_03,Standard Credit Card,70.0
USR_363,841f0569-a0be-4e65-8a1d-b900538d20d0,600,Sub-Prime / Fair,2,P_02|P_01,Micro-Loan Lite|Starter Credit Card,P_02,Micro-Loan Lite,P_03,Standard Credit Card,50.0
USR_364,9fd6b108-e6c1-4012-ba8c-b07bccd95b14,535,High Risk / Poor,1,P_01,Starter Credit Card,P_01,Starter Credit Card,P_02,Micro-Loan Lite,15.0
USR_365,d9896d93-4424-4b6b-aa64-6f3396ffea37,595,Sub-Prime / Fair,2,P_02|P_01,Micro-Loan Lite|Starter Credit Card,P_02,Micro-Loan Lite,P_03,Standard Credit Card,55.0
USR_366,49fa0b4b-4440-4455-a2de-04957e68977d,910,Prime / Low Risk,4,P_04|P_03|P_02|P_01,Premium Personal Loan|Standard Credit Card|Micro-Loan Lite|Starter Credit Card,P_04,Premium Personal Loan,,,0
USR_367,06a2aa6e-e61b-4693-8dd1-a41ae7d45787,825,Prime / Low Risk,4,P_04|P_03|P_02|P_01,Premium Personal Loan|Standard Credit Card|Micro-Loan Lite|Starter Credit Card,P_04,Premium Personal Loan,,,0
USR_368,530a4b7c-8d93-4463-aeed-a86d6b639eac,655,Near-Prime / Medium Risk,3,P_03|P_02|P_01,Standard Credit Card|Micro-Loan Lite|Starter Credit Card,P_03,Standard Credit Card,P_04,Premium Personal Loan,95.0
USR_369,ac21024d-f81b-43b9-b27e-15d314cad797,645,Sub-Prime / Fair,2,P_02|P_01,Micro-Loan Lite|Starter Credit Card,P_02,Micro-Loan Lite,P_03,Standard Credit Card,5.0
USR_370,880dd0d8-776f-4f17-a5ed-5a5641e94865,745,Near-Prime / Medium Risk,3,P_03|P_02|P_01,Standard Credit Card|Micro-Loan Lite|Starter Credit Card,P_03,Standard Credit Card,P_04,Premium Personal Loan,5.0
USR_371,40fb1541-0d4e-4829-b574-afa05321d863,795,Prime / Low Risk,4,P_04|P_03|P_02|P_01,Premium Personal Loan|Standard Credit Card|Micro-Loan Lite|Starter Credit Card,P_04,Premium Personal Loan,,,0
USR_372,f790daac-4840-40c3-9289-fd8c9c12a148,680,Near-Prime / Medium Risk,3,P_03|P_02|P_01,Standard Credit Card|Micro-Loan Lite|Starter Credit Card,P_03,Standard Credit Card,P_04,Premium Personal Loan,70.0
USR_373,78f085da-4bab-42fc-8991-011092ccb9b2,625,Sub-Prime / Fair,2,P_02|P_01,Micro-Loan Lite|Starter Credit Card,P_02,Micro-Loan Lite,P_03,Standard Credit Card,25.0
USR_374,c0addbbc-744a-4004-bf3b-7c470d6750e5,710,Near-Prime / Medium Risk,3,P_03|P_02|P_01,Standard Credit Card|Micro-Loan Lite|Starter Credit Card,P_03,Standard Credit Card,P_04,Premium Personal Loan,40.0
USR_375,992b7c4f-30e2-407e-ae84-494dc605c0cd,565,Sub-Prime / Fair,2,P_02|P_01,Micro-Loan Lite|Starter Credit Card,P_02,Micro-Loan Lite,P_03,Standard Credit Card,85.0
USR_376,05f698d6-bbd3-452a-9243-807a643059d3,725,Near-Prime / Medium Risk,3,P_03|P_02|P_01,Standard Credit Card|Micro-Loan Lite|Starter Credit Card,P_03,Standard Credit Card,P_04,Premium Personal Loan,25.0
USR_377,dd7d3de0-55e5-4105-a484-85299e71a80b,485,High Risk / Poor,1,P_01,Starter Credit Card,P_01,Starter Credit Card,P_02,Micro-Loan Lite,65.0
USR_378,7aec8425-6272-4b58-8d67-a73b4cf49f8e,755,Prime / Low Risk,4,P_04|P_03|P_02|P_01,Premium Personal Loan|Standard Credit Card|Micro-Loan Lite|Starter Credit Card,P_04,Premium Personal Loan,,,0
USR_379,f4e598ab-f9a2-4d10-8a64-dcc46302c253,540,High Risk / Poor,1,P_01,Starter Credit Card,P_01,Starter Credit Card,P_02,Micro-Loan Lite,10.0
USR_380,bacf7f5e-8b3b-4eb5-b9a1-c899660ea01f,555,Sub-Prime / Fair,2,P_02|P_01,Micro-Loan Lite|Starter Credit Card,P_02,Micro-Loan Lite,P_03,Standard Credit Card,95.0
USR_381,b5f59963-139c-4140-8fc3-9224731c84ba,465,High Risk / Poor,1,P_01,Starter Credit Card,P_01,Starter Credit Card,P_02,Micro-Loan Lite,85.0
USR_382,5e5f8b33-9a33-41f8-9367-159e0dac67b1,560,Sub-Prime / Fair,2,P_02|P_01,Micro-Loan Lite|Starter Credit Card,P_02,Micro-Loan Lite,P_03,Standard Credit Card,90.0
USR_383,8cc9e4b7-fbc4-43ee-a371-43ac17793950,755,Prime / Low Risk,4,P_04|P_03|P_02|P_01,Premium Personal Loan|Standard Credit Card|Micro-Loan Lite|Starter Credit Card,P_04,Premium Personal Loan,,,0
USR_384,229ad7fb-f2bc-4058-824d-7246689ba4f9,630,Sub-Prime / Fair,2,P_02|P_01,Micro-Loan Lite|Starter Credit Card,P_02,Micro-Loan Lite,P_03,Standard Credit Card,20.0
USR_385,2994e9a5-f4f0-445f-ae2e-68c0adfc46b2,810,Prime / Low Risk,4,P_04|P_03|P_02|P_01,Premium Personal Loan|Standard Credit Card|Micro-Loan Lite|Starter Credit Card,P_04,Premium Personal Loan,,,0
USR_386,4405531f-21c0-437c-88c8-89833d487750,750,Prime / Low Risk,4,P_04|P_03|P_02|P_01,Premium Personal Loan|Standard Credit Card|Micro-Loan Lite|Starter Credit Card,P_04,Premium Personal Loan,,,0
USR_387,3e2ab3de-2bd3-4876-811f-f76469786c13,645,Sub-Prime / Fair,2,P_02|P_01,Micro-Loan Lite|Starter Credit Card,P_02,Micro-Loan Lite,P_03,Standard Credit Card,5.0
USR_388,d1ef2342-5dee-4d95-8056-198098807620,455,High Risk / Poor,1,P_01,Starter Credit Card,P_01,Starter Credit Card,P_02,Micro-Loan Lite,95.0
USR_389,9f8f95b3-9e58-4f79-986f-4277911f866a,505,High Risk / Poor,1,P_01,Starter Credit Card,P_01,Starter Credit Card,P_02,Micro-Loan Lite,45.0
USR_390,dffad2ac-afd3-46eb-bd86-1a556c619fb7,640,Sub-Prime / Fair,2,P_02|P_01,Micro-Loan Lite|Starter Credit Card,P_02,Micro-Loan Lite,P_03,Standard Credit Card,10.0
USR_391,f8679044-6654-4a3f-b470-cc1aa0680b22,805,Prime / Low Risk,4,P_04|P_03|P_02|P_01,Premium Personal Loan|Standard Credit Card|Micro-Loan Lite|Starter Credit Card,P_04,Premium Personal Loan,,,0
USR_392,20841cda-7ca5-41c3-84e2-46239b0c6833,560,Sub-Prime / Fair,2,P_02|P_01,Micro-Loan Lite|Starter Credit Card,P_02,Micro-Loan Lite,P_03,Standard Credit Card,90.0
USR_393,c5b9cf2e-236a-4af5-be20-15bbea936d96,680,Near-Prime / Medium Risk,3,P_03|P_02|P_01,Standard Credit Card|Micro-Loan Lite|Starter Credit Card,P_03,Standard Credit Card,P_04,Premium Personal Loan,70.0
USR_394,79df3f43-233c-400f-84c8-46c57454cd57,630,Sub-Prime / Fair,2,P_02|P_01,Micro-Loan Lite|Starter Credit Card,P_02,Micro-Loan Lite,P_03,Standard Credit Card,20.0
USR_395,4c3ba91b-4108-4454-8a8f-a21d967054b6,685,Near-Prime / Medium Risk,3,P_03|P_02|P_01,Standard Credit Card|Micro-Loan Lite|Starter Credit Card,P_03,Standard Credit Card,P_04,Premium Personal Loan,65.0
USR_396,4dd93dda-4998-44ba-be0f-25a8726ea575,410,High Risk / Poor,1,P_01,Starter Credit Card,P_01,Starter Credit Card,P_02,Micro-Loan Lite,140.0
USR_397,284c1817-7649-4024-9123-6cb5fcbafc7b,940,Prime / Low Risk,4,P_04|P_03|P_02|P_01,Premium Personal Loan|Standard Credit Card|Micro-Loan Lite|Starter Credit Card,P_04,Premium Personal Loan,,,0
USR_398,248a259d-24ae-4c19-9c4b-6d6b64fc9501,695,Near-Prime / Medium Risk,3,P_03|P_02|P_01,Standard Credit Card|Micro-Loan Lite|Starter Credit Card,P_03,Standard Credit Card,P_04,Premium Personal Loan,55.0
USR_399,6590209e-735b-4f1e-942c-003520d965dc,710,Near-Prime / Medium Risk,3,P_03|P_02|P_01,Standard Credit Card|Micro-Loan Lite|Starter Credit Card,P_03,Standard Credit Card,P_04,Premium Personal Loan,40.0
USR_400,a3ae23ff-acd9-494a-8f30-c1c147e096a5,655,Near-Prime / Medium Risk,3,P_03|P_02|P_01,Standard Credit Card|Micro-Loan Lite|Starter Credit Card,P_03,Standard Credit Card,P_04,Premium Personal Loan,95.0
USR_401,99afd702-be4d-4570-a46f-04e712e97b9d,540,High Risk / Poor,1,P_01,Starter Credit Card,P_01,Starter Credit Card,P_02,Micro-Loan Lite,10.0
USR_402,f96116a1-3968-4778-a87c-e47da46d2a05,605,Sub-Prime / Fair,2,P_02|P_01,Micro-Loan Lite|Starter Credit Card,P_02,Micro-Loan Lite,P_03,Standard Credit Card,45.0
USR_403,025dc5f9-5426-45b6-9112-c3cd64e3b4f8,625,Sub-Prime / Fair,2,P_02|P_01,Micro-Loan Lite|Starter Credit Card,P_02,Micro-Loan Lite,P_03,Standard Credit Card,25.0
USR_404,16d629ce-44b3-4d63-bbb6-7fb911b8107b,585,Sub-Prime / Fair,2,P_02|P_01,Micro-Loan Lite|Starter Credit Card,P_02,Micro-Loan Lite,P_03,Standard Credit Card,65.0
USR_405,889ba2f0-fb04-42a3-983b-acbe17af774e,580,Sub-Prime / Fair,2,P_02|P_01,Micro-Loan Lite|Starter Credit Card,P_02,Micro-Loan Lite,P_03,Standard Credit Card,70.0
USR_406,b404522c-cdbe-4c92-8a09-a4939db8935f,815,Prime / Low Risk,4,P_04|P_03|P_02|P_01,Premium Personal Loan|Standard Credit Card|Micro-Loan Lite|Starter Credit Card,P_04,Premium Personal Loan,,,0
USR_407,35191d10-a86f-4f5a-a17e-6ccdc72a939d,720,Near-Prime / Medium Risk,3,P_03|P_02|P_01,Standard Credit Card|Micro-Loan Lite|Starter Credit Card,P_03,Standard Credit Card,P_04,Premium Personal Loan,30.0
USR_408,35816c4a-49fd-4733-bbd7-19fa664a81f5,555,Sub-Prime / Fair,2,P_02|P_01,Micro-Loan Lite|Starter Credit Card,P_02,Micro-Loan Lite,P_03,Standard Credit Card,95.0
USR_409,8ada2ee9-eb23-4e7f-9228-8d570fe0d51a,470,High Risk / Poor,1,P_01,Starter Credit Card,P_01,Starter Credit Card,P_02,Micro-Loan Lite,80.0
USR_410,2e7aa31c-3d69-4127-8f6a-56739cffa126,670,Near-Prime / Medium Risk,3,P_03|P_02|P_01,Standard Credit Card|Micro-Loan Lite|Starter Credit Card,P_03,Standard Credit Card,P_04,Premium Personal Loan,80.0
USR_411,b0d22b83-9df9-4dc0-8923-124f1f616a0c,570,Sub-Prime / Fair,2,P_02|P_01,Micro-Loan Lite|Starter Credit Card,P_02,Micro-Loan Lite,P_03,Standard Credit Card,80.0
USR_412,ffb75a5e-bbb1-494d-80e5-cbe7cb3c8a6c,635,Sub-Prime / Fair,2,P_02|P_01,Micro-Loan Lite|Starter Credit Card,P_02,Micro-Loan Lite,P_03,Standard Credit Card,15.0
USR_413,d39bec61-9702-423e-bf14-314d4184efa6,690,Near-Prime / Medium Risk,3,P_03|P_02|P_01,Standard Credit Card|Micro-Loan Lite|Starter Credit Card,P_03,Standard Credit Card,P_04,Premium Personal Loan,60.0
USR_414,021ca652-019c-4120-9148-3489bc8ced2e,655,Near-Prime / Medium Risk,3,P_03|P_02|P_01,Standard Credit Card|Micro-Loan Lite|Starter Credit Card,P_03,Standard Credit Card,P_04,Premium Personal Loan,95.0
USR_415,84db8be2-dbbe-4eb4-b391-efa4d722e1e1,595,Sub-Prime / Fair,2,P_02|P_01,Micro-Loan Lite|Starter Credit Card,P_02,Micro-Loan Lite,P_03,Standard Credit Card,55.0
USR_416,9abe43e1-6cc1-480e-8f61-9d1bba0a180e,720,Near-Prime / Medium Risk,3,P_03|P_02|P_01,Standard Credit Card|Micro-Loan Lite|Starter Credit Card,P_03,Standard Credit Card,P_04,Premium Personal Loan,30.0
USR_417,a072559a-662f-42cb-920d-d71c4a2fa95e,850,Prime / Low Risk,4,P_04|P_03|P_02|P_01,Premium Personal Loan|Standard Credit Card|Micro-Loan Lite|Starter Credit Card,P_04,Premium Personal Loan,,,0
USR_418,2e2d8eaf-196f-4c22-92ac-c0f530b22c2f,730,Near-Prime / Medium Risk,3,P_03|P_02|P_01,Standard Credit Card|Micro-Loan Lite|Starter Credit Card,P_03,Standard Credit Card,P_04,Premium Personal Loan,20.0
USR_419,cd15c180-a81f-4c77-8854-7eed68a1c50b,835,Prime / Low Risk,4,P_04|P_03|P_02|P_01,Premium Personal Loan|Standard Credit Card|Micro-Loan Lite|Starter Credit Card,P_04,Premium Personal Loan,,,0
USR_420,215a45e7-8651-4e24-9650-d63236b865b6,920,Prime / Low Risk,4,P_04|P_03|P_02|P_01,Premium Personal Loan|Standard Credit Card|Micro-Loan Lite|Starter Credit Card,P_04,Premium Personal Loan,,,0
USR_421,da8c15b4-9e06-4556-915f-bf6cf33ba9b4,625,Sub-Prime / Fair,2,P_02|P_01,Micro-Loan Lite|Starter Credit Card,P_02,Micro-Loan Lite,P_03,Standard Credit Card,25.0
USR_422,28fde7bc-86c8-45aa-9a34-a0a826fb664f,610,Sub-Prime / Fair,2,P_02|P_01,Micro-Loan Lite|Starter Credit Card,P_02,Micro-Loan Lite,P_03,Standard Credit Card,40.0
USR_423,4c14e26f-6ffb-457e-90a7-bd7dd8c8cf29,575,Sub-Prime / Fair,2,P_02|P_01,Micro-Loan Lite|Starter Credit Card,P_02,Micro-Loan Lite,P_03,Standard Credit Card,75.0
USR_424,28f89494-8332-4ff8-9e8c-388db83567ed,620,Sub-Prime / Fair,2,P_02|P_01,Micro-Loan Lite|Starter Credit Card,P_02,Micro-Loan Lite,P_03,Standard Credit Card,30.0
USR_425,cc943210-d350-4693-a355-094512f0d37d,575,Sub-Prime / Fair,2,P_02|P_01,Micro-Loan Lite|Starter Credit Card,P_02,Micro-Loan Lite,P_03,Standard Credit Card,75.0
USR_426,5f39e415-1a17-4571-bb05-05b207e45eda,450,High Risk / Poor,1,P_01,Starter Credit Card,P_01,Starter Credit Card,P_02,Micro-Loan Lite,100.0
USR_427,24ee2af8-4ac1-4fde-a361-5ad6e59a0743,800,Prime / Low Risk,4,P_04|P_03|P_02|P_01,Premium Personal Loan|Standard Credit Card|Micro-Loan Lite|Starter Credit Card,P_04,Premium Personal Loan,,,0
USR_428,cbaf58cc-2ce8-4d11-8805-8e28e275b9b2,615,Sub-Prime / Fair,2,P_02|P_01,Micro-Loan Lite|Starter Credit Card,P_02,Micro-Loan Lite,P_03,Standard Credit Card,35.0
USR_429,59c55819-0808-4735-a09a-6ededd939e85,605,Sub-Prime / Fair,2,P_02|P_01,Micro-Loan Lite|Starter Credit Card,P_02,Micro-Loan Lite,P_03,Standard Credit Card,45.0
USR_430,76dfcebe-090b-4bb6-93ce-7ef193b78dc8,790,Prime / Low Risk,4,P_04|P_03|P_02|P_01,Premium Personal Loan|Standard Credit Card|Micro-Loan Lite|Starter Credit Card,P_04,Premium Personal Loan,,,0
USR_431,4b472c21-4e29-4588-adfa-fb46dd18c4f0,530,High Risk / Poor,1,P_01,Starter Credit Card,P_01,Starter Credit Card,P_02,Micro-Loan Lite,20.0
USR_432,473347d7-1d98-4465-9e25-39225d45d449,620,Sub-Prime / Fair,2,P_02|P_01,Micro-Loan Lite|Starter Credit Card,P_02,Micro-Loan Lite,P_03,Standard Credit Card,30.0
USR_433,585d6035-cf4a-45e1-9f19-df6051e46c1a,470,High Risk / Poor,1,P_01,Starter Credit Card,P_01,Starter Credit Card,P_02,Micro-Loan Lite,80.0
USR_434,b7c1ee00-ff16-47d9-a5ed-5d9d6f3da76d,730,Near-Prime / Medium Risk,3,P_03|P_02|P_01,Standard Credit Card|Micro-Loan Lite|Starter Credit Card,P_03,Standard Credit Card,P_04,Premium Personal Loan,20.0
USR_435,18cfe814-ea06-45ce-aab5-24d5574c11b5,645,Sub-Prime / Fair,2,P_02|P_01,Micro-Loan Lite|Starter Credit Card,P_02,Micro-Loan Lite,P_03,Standard Credit Card,5.0
USR_436,4101ebb9-6bb2-4923-906b-ce23601c4dd5,630,Sub-Prime / Fair,2,P_02|P_01,Micro-Loan Lite|Starter Credit Card,P_02,Micro-Loan Lite,P_03,Standard Credit Card,20.0
USR_437,fc69beae-9d87-4680-980b-f7aed433a840,670,Near-Prime / Medium Risk,3,P_03|P_02|P_01,Standard Credit Card|Micro-Loan Lite|Starter Credit Card,P_03,Standard Credit Card,P_04,Premium Personal Loan,80.0
USR_438,5d8b2139-c888-42eb-83fb-dc4874bdee46,530,High Risk / Poor,1,P_01,Starter Credit Card,P_01,Starter Credit Card,P_02,Micro-Loan Lite,20.0
USR_439,47743b06-c13a-4154-b425-b90a773359d6,545,High Risk / Poor,1,P_01,Starter Credit Card,P_01,Starter Credit Card,P_02,Micro-Loan Lite,5.0
USR_440,1f36a4e6-6492-415b-a5ba-659df0687ab1,460,High Risk / Poor,1,P_01,Starter Credit Card,P_01,Starter Credit Card,P_02,Micro-Loan Lite,90.0
USR_441,79eaa027-b71d-4834-8237-ebea9269be86,970,Prime / Low Risk,4,P_04|P_03|P_02|P_01,Premium Personal Loan|Standard Credit Card|Micro-Loan Lite|Starter Credit Card,P_04,Premium Personal Loan,,,0
USR_442,81a1f212-4dc6-45b7-afd6-0cfef8c438e4,715,Near-Prime / Medium Risk,3,P_03|P_02|P_01,Standard Credit Card|Micro-Loan Lite|Starter Credit Card,P_03,Standard Credit Card,P_04,Premium Personal Loan,35.0
USR_443,914bb0d9-a9d5-4664-94fd-1635a55c282a,425,High Risk / Poor,1,P_01,Starter Credit Card,P_01,Starter Credit Card,P_02,Micro-Loan Lite,125.0
USR_444,e38c2fc3-e3ec-4d59-8862-44f03ff8aa92,615,Sub-Prime / Fair,2,P_02|P_01,Micro-Loan Lite|Starter Credit Card,P_02,Micro-Loan Lite,P_03,Standard Credit Card,35.0
USR_445,ad655aa9-4108-47b0-abea-f63b309eb04a,575,Sub-Prime / Fair,2,P_02|P_01,Micro-Loan Lite|Starter Credit Card,P_02,Micro-Loan Lite,P_03,Standard Credit Card,75.0
USR_446,4150ae62-2593-4ea5-9ff0-bd2d709e585c,560,Sub-Prime / Fair,2,P_02|P_01,Micro-Loan Lite|Starter Credit Card,P_02,Micro-Loan Lite,P_03,Standard Credit Card,90.0
USR_447,3b3d95f4-d8ba-4685-aac9-33a08fe0fe29,520,High Risk / Poor,1,P_01,Starter Credit Card,P_01,Starter Credit Card,P_02,Micro-Loan Lite,30.0
USR_448,41ba42b5-431f-4bbd-abc4-0f84c1bb8b31,625,Sub-Prime / Fair,2,P_02|P_01,Micro-Loan Lite|Starter Credit Card,P_02,Micro-Loan Lite,P_03,Standard Credit Card,25.0
USR_449,258fb310-81c4-4f96-9b0f-0264f9a1ec59,670,Near-Prime / Medium Risk,3,P_03|P_02|P_01,Standard Credit Card|Micro-Loan Lite|Starter Credit Card,P_03,Standard Credit Card,P_04,Premium Personal Loan,80.0
USR_450,0a60798c-3912-44f3-a73d-dedec3a5edc3,675,Near-Prime / Medium Risk,3,P_03|P_02|P_01,Standard Credit Card|Micro-Loan Lite|Starter Credit Card,P_03,Standard Credit Card,P_04,Premium Personal Loan,75.0
USR_451,6b269f67-8973-4d6d-9ba1-b0734e8b14da,465,High Risk / Poor,1,P_01,Starter Credit Card,P_01,Starter Credit Card,P_02,Micro-Loan Lite,85.0
USR_452,9e865f03-ab7f-45b1-9c8b-42f4cbdade8f,435,High Risk / Poor,1,P_01,Starter Credit Card,P_01,Starter Credit Card,P_02,Micro-Loan Lite,115.0
USR_453,0ed1890e-0c90-4dad-bf40-6baec419a208,370,High Risk / Poor,1,P_01,Starter Credit Card,P_01,Starter Credit Card,P_02,Micro-Loan Lite,180.0
USR_454,41adc306-9610-444f-93bd-8d4422005e30,770,Prime / Low Risk,4,P_04|P_03|P_02|P_01,Premium Personal Loan|Standard Credit Card|Micro-Loan Lite|Starter Credit Card,P_04,Premium Personal Loan,,,0
USR_455,aeba083a-86ea-4b6c-9c40-d9ac64f60090,540,High Risk / Poor,1,P_01,Starter Credit Card,P_01,Starter Credit Card,P_02,Micro-Loan Lite,10.0
USR_456,6c0be082-7c01-433e-af20-212975d36b31,585,Sub-Prime / Fair,2,P_02|P_01,Micro-Loan Lite|Starter Credit Card,P_02,Micro-Loan Lite,P_03,Standard Credit Card,65.0
USR_457,7806998e-dd15-42ad-ae93-ed7fc9bc8860,530,High Risk / Poor,1,P_01,Starter Credit Card,P_01,Starter Credit Card,P_02,Micro-Loan Lite,20.0
USR_458,14ae3c83-f0e5-4bae-8571-4b0d69b17d40,725,Near-Prime / Medium Risk,3,P_03|P_02|P_01,Standard Credit Card|Micro-Loan Lite|Starter Credit Card,P_03,Standard Credit Card,P_04,Premium Personal Loan,25.0
USR_459,cf9ced21-dd90-46bd-87d5-aeefb6f81147,825,Prime / Low Risk,4,P_04|P_03|P_02|P_01,Premium Personal Loan|Standard Credit Card|Micro-Loan Lite|Starter Credit Card,P_04,Premium Personal Loan,,,0
USR_460,2de5bd51-7abf-41b8-b4e8-4d604c0f1039,235,High Risk / Poor,0,,,,,P_01,Starter Credit Card,115.0
USR_461,91c42ceb-b8fc-43f0-918d-a8cbf579343b,670,Near-Prime / Medium Risk,3,P_03|P_02|P_01,Standard Credit Card|Micro-Loan Lite|Starter Credit Card,P_03,Standard Credit Card,P_04,Premium Personal Loan,80.0
USR_462,2fc8776c-9d5f-4c71-be79-3044199dfab4,510,High Risk / Poor,1,P_01,Starter Credit Card,P_01,Starter Credit Card,P_02,Micro-Loan Lite,40.0
USR_463,10512ec7-9cb9-4c73-b69d-138cdad1c750,870,Prime / Low Risk,4,P_04|P_03|P_02|P_01,Premium Personal Loan|Standard Credit Card|Micro-Loan Lite|Starter Credit Card,P_04,Premium Personal Loan,,,0
USR_464,d355a089-1f88-4f5a-8561-cdbf3d5f562f,505,High Risk / Poor,1,P_01,Starter Credit Card,P_01,Starter Credit Card,P_02,Micro-Loan Lite,45.0
USR_465,73f34085-507e-41ed-96d3-c4936ce7c230,755,Prime / Low Risk,4,P_04|P_03|P_02|P_01,Premium Personal Loan|Standard Credit Card|Micro-Loan Lite|Starter Credit Card,P_04,Premium Personal Loan,,,0
USR_466,257fabbc-ab54-4843-b4bf-2873a4150690,455,High Risk / Poor,1,P_01,Starter Credit Card,P_01,Starter Credit Card,P_02,Micro-Loan Lite,95.0
USR_467,c312882d-1aec-45c0-a275-10d92f15e444,875,Prime / Low Risk,4,P_04|P_03|P_02|P_01,Premium Personal Loan|Standard Credit Card|Micro-Loan Lite|Starter Credit Card,P_04,Premium Personal Loan,,,0
USR_468,c1e2ec51-62c8-4be4-9e2a-bd033a76310d,705,Near-Prime / Medium Risk,3,P_03|P_02|P_01,Standard Credit Card|Micro-Loan Lite|Starter Credit Card,P_03,Standard Credit Card,P_04,Premium Personal Loan,45.0
USR_469,bb6abe0b-fba3-468a-b227-7d2abfc1a0da,725,Near-Prime / Medium Risk,3,P_03|P_02|P_01,Standard Credit Card|Micro-Loan Lite|Starter Credit Card,P_03,Standard Credit Card,P_04,Premium Personal Loan,25.0
USR_470,b684df1a-d138-4331-ac66-fa717b11c0e0,560,Sub-Prime / Fair,2,P_02|P_01,Micro-Loan Lite|Starter Credit Card,P_02,Micro-Loan Lite,P_03,Standard Credit Card,90.0
USR_471,d56335d7-32d9-46b4-a23f-e4734392e693,900,Prime / Low Risk,4,P_04|P_03|P_02|P_01,Premium Personal Loan|Standard Credit Card|Micro-Loan Lite|Starter Credit Card,P_04,Premium Personal Loan,,,0
USR_472,0e57278d-cb24-4517-9c4d-7caec0704b21,620,Sub-Prime / Fair,2,P_02|P_01,Micro-Loan Lite|Starter Credit Card,P_02,Micro-Loan Lite,P_03,Standard Credit Card,30.0
USR_473,f7c52273-4d0b-49dd-b86c-c29d6c5a18a4,535,High Risk / Poor,1,P_01,Starter Credit Card,P_01,Starter Credit Card,P_02,Micro-Loan Lite,15.0
USR_474,a4c21ceb-16fc-4368-a9e7-d2947c279529,580,Sub-Prime / Fair,2,P_02|P_01,Micro-Loan Lite|Starter Credit Card,P_02,Micro-Loan Lite,P_03,Standard Credit Card,70.0
USR_475,cd98373c-21bb-4473-9171-6d91ffbdb1c3,675,Near-Prime / Medium Risk,3,P_03|P_02|P_01,Standard Credit Card|Micro-Loan Lite|Starter Credit Card,P_03,Standard Credit Card,P_04,Premium Personal Loan,75.0
USR_476,4b3d8083-48f2-43fd-89fa-3cc629f328c9,525,High Risk / Poor,1,P_01,Starter Credit Card,P_01,Starter Credit Card,P_02,Micro-Loan Lite,25.0
USR_477,7257dda8-f5c9-438e-b641-6a43edc43c7a,655,Near-Prime / Medium Risk,3,P_03|P_02|P_01,Standard Credit Card|Micro-Loan Lite|Starter Credit Card,P_03,Standard Credit Card,P_04,Premium Personal Loan,95.0
USR_478,d6bbdee3-48ad-402f-9378-00214cbcae27,560,Sub-Prime / Fair,2,P_02|P_01,Micro-Loan Lite|Starter Credit Card,P_02,Micro-Loan Lite,P_03,Standard Credit Card,90.0
USR_479,801c55da-c756-493a-91c4-b9c471e4994f,510,High Risk / Poor,1,P_01,Starter Credit Card,P_01,Starter Credit Card,P_02,Micro-Loan Lite,40.0
USR_480,d5fdb980-f5cc-4481-8d43-82a95fc094a3,480,High Risk / Poor,1,P_01,Starter Credit Card,P_01,Starter Credit Card,P_02,Micro-Loan Lite,70.0
USR_481,35a2cf3f-bd12-4d3d-b421-fff1cec10478,520,High Risk / Poor,1,P_01,Starter Credit Card,P_01,Starter Credit Card,P_02,Micro-Loan Lite,30.0
USR_482,130379d7-74ff-48e1-b2ee-b24d18e74f6c,445,High Risk / Poor,1,P_01,Starter Credit Card,P_01,Starter Credit Card,P_02,Micro-Loan Lite,105.0
USR_483,cc8e6fb1-febf-4492-b93e-45f50dafcb6e,590,Sub-Prime / Fair,2,P_02|P_01,Micro-Loan Lite|Starter Credit Card,P_02,Micro-Loan Lite,P_03,Standard Credit Card,60.0
USR_484,894db76e-021e-4034-bd05-0e2e7600360c,580,Sub-Prime / Fair,2,P_02|P_01,Micro-Loan Lite|Starter Credit Card,P_02,Micro-Loan Lite,P_03,Standard Credit Card,70.0
USR_485,cffae102-0a27-4d7d-a412-6ae037871687,720,Near-Prime / Medium Risk,3,P_03|P_02|P_01,Standard Credit Card|Micro-Loan Lite|Starter Credit Card,P_03,Standard Credit Card,P_04,Premium Personal Loan,30.0
USR_486,ca5e5b46-3792-43f4-aef2-02214d73f6b8,665,Near-Prime / Medium Risk,3,P_03|P_02|P_01,Standard Credit Card|Micro-Loan Lite|Starter Credit Card,P_03,Standard Credit Card,P_04,Premium Personal Loan,85.0
USR_487,5ccfad9f-fb3e-4c01-aeed-fac1458e649f,680,Near-Prime / Medium Risk,3,P_03|P_02|P_01,Standard Credit Card|Micro-Loan Lite|Starter Credit Card,P_03,Standard Credit Card,P_04,Premium Personal Loan,70.0
USR_488,a409be7a-c708-49b5-8f90-58b1b1ae4788,715,Near-Prime / Medium Risk,3,P_03|P_02|P_01,Standard Credit Card|Micro-Loan Lite|Starter Credit Card,P_03,Standard Credit Card,P_04,Premium Personal Loan,35.0
USR_489,4249a8ea-2b21-439d-9c59-7c25767c30b8,690,Near-Prime / Medium Risk,3,P_03|P_02|P_01,Standard Credit Card|Micro-Loan Lite|Starter Credit Card,P_03,Standard Credit Card,P_04,Premium Personal Loan,60.0
USR_490,44795b6a-6aa1-4eb8-b123-c136e7fd72e6,695,Near-Prime / Medium Risk,3,P_03|P_02|P_01,Standard Credit Card|Micro-Loan Lite|Starter Credit Card,P_03,Standard Credit Card,P_04,Premium Personal Loan,55.0
USR_491,76a9693f-e261-48f2-8588-ef9284153f41,630,Sub-Prime / Fair,2,P_02|P_01,Micro-Loan Lite|Starter Credit Card,P_02,Micro-Loan Lite,P_03,Standard Credit Card,20.0
USR_492,f0f5fa88-b670-4065-b790-0c812bc71138,605,Sub-Prime / Fair,2,P_02|P_01,Micro-Loan Lite|Starter Credit Card,P_02,Micro-Loan Lite,P_03,Standard Credit Card,45.0
USR_493,6d21cfd3-757e-41be-aacb-b37cf2c6c9c3,845,Prime / Low Risk,4,P_04|P_03|P_02|P_01,Premium Personal Loan|Standard Credit Card|Micro-Loan Lite|Starter Credit Card,P_04,Premium Personal Loan,,,0
USR_494,78b82753-49f4-4088-9fa0-57868e203804,725,Near-Prime / Medium Risk,3,P_03|P_02|P_01,Standard Credit Card|Micro-Loan Lite|Starter Credit Card,P_03,Standard Credit Card,P_04,Premium Personal Loan,25.0
USR_495,53145b9b-08f1-4d77-9a52-2b0e907f8889,675,Near-Prime / Medium Risk,3,P_03|P_02|P_01,Standard Credit Card|Micro-Loan Lite|Starter Credit Card,P_03,Standard Credit Card,P_04,Premium Personal Loan,75.0
USR_496,3cedd6a1-7cee-423d-a15c-abd3c96e1436,740,Near-Prime / Medium Risk,3,P_03|P_02|P_01,Standard Credit Card|Micro-Loan Lite|Starter Credit Card,P_03,Standard Credit Card,P_04,Premium Personal Loan,10.0
USR_497,cd8ddceb-ae8b-401b-a240-f3e044a5c9dd,490,High Risk / Poor,1,P_01,Starter Credit Card,P_01,Starter Credit Card,P_02,Micro-Loan Lite,60.0
USR_498,eb588100-179f-49a3-a4d5-65981f99aa26,795,Prime / Low Risk,4,P_04|P_03|P_02|P_01,Premium Personal Loan|Standard Credit Card|Micro-Loan Lite|Starter Credit Card,P_04,Premium Personal Loan,,,0
USR_499,60979d4c-8587-44fb-b73d-421f0c94d030,770,Prime / Low Risk,4,P_04|P_03|P_02|P_01,Premium Personal Loan|Standard Credit Card|Micro-Loan Lite|Starter Credit Card,P_04,Premium Personal Loan,,,0
USR_500,49d97787-ef31-4ef1-9691-29b5d0018500,815,Prime / Low Risk,4,P_04|P_03|P_02|P_01,Premium Personal Loan|Standard Credit Card|Micro-Loan Lite|Starter Credit Card,P_04,Premium Personal Loan,,,0
