feature,importance
num__on_time_rate,0.23277858
num__credit_util,0.10313688
num__dti,0.062150124
cat__education_master,0.02918787
num__cashflow_volatility,0.028578289
cat__education_level_Master's,0.026084382
num__savings_days,0.024047185
num__positive_habits,0.023386836
cat__housing_owner,0.023166481
num__risk_flags,0.02282957
cat__education_level_High School,0.022618996
num__age,0.022557776
num__monthly_spend,0.021819882
cat__housing_none,0.021773718
num__rent_on_time_months,0.021402016
cat__education_level_Diploma,0.021172296
num__monthly_income,0.020906992
num__digital_payment_rate,0.020133805
cat__education_level_Bachelor's,0.020089285
num__months_at_job,0.019759664
cat__education_cert,0.019734824
cat__education_bachelor,0.019423347
num__delinq_60plus,0.01929902
cat__employment_status_Student,0.019277109
num__city_tier,0.019274155
num__essential_pct,0.01875496
cat__employment_status_Employed,0.018675355
cat__education_none,0.018285371
cat__education_highschool,0.017326947
cat__employment_status_Unemployed,0.015960624
cat__employment_status_Self-Employed,0.015502527
cat__housing_rent,0.010905123
num__delinq_30plus,0.0
cat__education_level_PhD,0.0
num__delinq_90plus,0.0
cat__education_phd,0.0
