feature,mean_abs_shap
num__on_time_rate,0.6894976
num__credit_util,0.55425984
num__dti,0.379044
num__cashflow_volatility,0.17471685
num__savings_days,0.0955001
num__months_at_job,0.079830945
num__rent_on_time_months,0.06689077
num__monthly_income,0.06402091
num__monthly_spend,0.043586764
num__digital_payment_rate,0.042676054
num__risk_flags,0.035710707
num__essential_pct,0.03333527
num__age,0.032035816
num__city_tier,0.028214647
cat__employment_status_Employed,0.026601214
num__positive_habits,0.02483792
cat__employment_status_Unemployed,0.022421256
cat__education_level_Bachelor's,0.01125445
cat__education_level_Master's,0.010788661
cat__employment_status_Self-Employed,0.008814874
cat__housing_owner,0.008074029
num__delinq_60plus,0.0058365865
cat__education_level_High School,0.005363032
cat__education_master,0.00499803
cat__employment_status_Student,0.0048160176
cat__housing_none,0.0041510337
cat__housing_rent,0.0041421605
cat__education_highschool,0.0032264458
cat__education_level_Diploma,0.0031470326
cat__education_bachelor,0.0022005283
cat__education_cert,0.0005666257
cat__education_none,0.00042089436
num__delinq_30plus,0.0
num__delinq_90plus,0.0
cat__education_level_PhD,0.0
cat__education_phd,0.0
